tiporegistro,codformato,codcolumna,codcaptura,codsubcuenta,signo,valor,periodo
4,205,1,1,5,+,22,12/31/2019 12:00:00 AM
4,205,1,1,10,+,0,12/31/2019 12:00:00 AM
4,205,1,1,15,-,0,12/31/2019 12:00:00 AM
4,205,1,2,5,+,22,12/31/2019 12:00:00 AM
4,205,1,3,5,+,273,12/31/2019 12:00:00 AM
4,205,2,1,5,+,8,12/31/2019 12:00:00 AM
4,205,2,1,10,+,0,12/31/2019 12:00:00 AM
4,205,2,1,15,-,0,12/31/2019 12:00:00 AM
4,205,2,2,5,+,8,12/31/2019 12:00:00 AM
4,205,2,3,5,+,45,12/31/2019 12:00:00 AM
4,205,3,1,5,+,"1,072",12/31/2019 12:00:00 AM
4,205,3,1,10,+,1,12/31/2019 12:00:00 AM
4,205,3,1,15,-,2,12/31/2019 12:00:00 AM
4,205,3,2,5,+,"1,071",12/31/2019 12:00:00 AM
4,205,3,3,5,+,"21,119",12/31/2019 12:00:00 AM
4,205,4,1,5,+,653,12/31/2019 12:00:00 AM
4,205,4,1,10,+,1,12/31/2019 12:00:00 AM
4,205,4,1,15,-,2,12/31/2019 12:00:00 AM
4,205,4,2,5,+,652,12/31/2019 12:00:00 AM
4,205,4,3,5,+,"7,010",12/31/2019 12:00:00 AM
4,205,5,1,5,+,83,12/31/2019 12:00:00 AM
4,205,5,1,10,+,0,12/31/2019 12:00:00 AM
4,205,5,1,20,+,0,12/31/2019 12:00:00 AM
4,205,5,1,25,-,1,12/31/2019 12:00:00 AM
4,205,5,2,5,+,82,12/31/2019 12:00:00 AM
4,205,5,3,5,+,859,12/31/2019 12:00:00 AM
4,205,6,1,5,+,539,12/31/2019 12:00:00 AM
4,205,6,1,10,+,0,12/31/2019 12:00:00 AM
4,205,6,1,20,+,3,12/31/2019 12:00:00 AM
4,205,6,1,25,-,1,12/31/2019 12:00:00 AM
4,205,6,2,5,+,541,12/31/2019 12:00:00 AM
4,205,6,3,5,+,"9,675",12/31/2019 12:00:00 AM
4,205,7,1,5,+,"2,377",12/31/2019 12:00:00 AM
4,205,7,1,10,+,2,12/31/2019 12:00:00 AM
4,205,7,1,15,-,4,12/31/2019 12:00:00 AM
4,205,7,1,20,+,3,12/31/2019 12:00:00 AM
4,205,7,1,25,-,2,12/31/2019 12:00:00 AM
4,205,7,2,5,+,"2,376",12/31/2019 12:00:00 AM
4,205,7,3,5,+,"38,981",12/31/2019 12:00:00 AM
4,205,1,1,5,+,22,11/30/2019 12:00:00 AM
4,205,1,1,10,+,0,11/30/2019 12:00:00 AM
4,205,1,1,15,-,0,11/30/2019 12:00:00 AM
4,205,1,2,5,+,22,11/30/2019 12:00:00 AM
4,205,1,3,5,+,140,11/30/2019 12:00:00 AM
4,205,2,1,5,+,8,11/30/2019 12:00:00 AM
4,205,2,1,10,+,0,11/30/2019 12:00:00 AM
4,205,2,1,15,-,0,11/30/2019 12:00:00 AM
4,205,2,2,5,+,8,11/30/2019 12:00:00 AM
4,205,2,3,5,+,23,11/30/2019 12:00:00 AM
4,205,3,1,5,+,"1,072",11/30/2019 12:00:00 AM
4,205,3,1,10,+,1,11/30/2019 12:00:00 AM
4,205,3,1,15,-,1,11/30/2019 12:00:00 AM
4,205,3,2,5,+,"1,072",11/30/2019 12:00:00 AM
4,205,3,3,5,+,"10,580",11/30/2019 12:00:00 AM
4,205,4,1,5,+,653,11/30/2019 12:00:00 AM
4,205,4,1,10,+,0,11/30/2019 12:00:00 AM
4,205,4,1,15,-,0,11/30/2019 12:00:00 AM
4,205,4,2,5,+,653,11/30/2019 12:00:00 AM
4,205,4,3,5,+,"3,538",11/30/2019 12:00:00 AM
4,205,5,1,5,+,85,11/30/2019 12:00:00 AM
4,205,5,1,10,+,0,11/30/2019 12:00:00 AM
4,205,5,1,20,+,0,11/30/2019 12:00:00 AM
4,205,5,1,25,-,2,11/30/2019 12:00:00 AM
4,205,5,2,5,+,83,11/30/2019 12:00:00 AM
4,205,5,3,5,+,446,11/30/2019 12:00:00 AM
4,205,6,1,5,+,538,11/30/2019 12:00:00 AM
4,205,6,1,10,+,0,11/30/2019 12:00:00 AM
4,205,6,1,20,+,4,11/30/2019 12:00:00 AM
4,205,6,1,25,-,3,11/30/2019 12:00:00 AM
4,205,6,2,5,+,539,11/30/2019 12:00:00 AM
4,205,6,3,5,+,"4,824",11/30/2019 12:00:00 AM
4,205,7,1,5,+,"2,378",11/30/2019 12:00:00 AM
4,205,7,1,10,+,1,11/30/2019 12:00:00 AM
4,205,7,1,15,-,1,11/30/2019 12:00:00 AM
4,205,7,1,20,+,4,11/30/2019 12:00:00 AM
4,205,7,1,25,-,5,11/30/2019 12:00:00 AM
4,205,7,2,5,+,"2,377",11/30/2019 12:00:00 AM
4,205,7,3,5,+,"19,551",11/30/2019 12:00:00 AM
4,205,1,1,5,+,22,10/31/2019 12:00:00 AM
4,205,1,1,10,+,0,10/31/2019 12:00:00 AM
4,205,1,1,15,-,0,10/31/2019 12:00:00 AM
4,205,1,2,5,+,22,10/31/2019 12:00:00 AM
4,205,1,3,5,+,140,10/31/2019 12:00:00 AM
4,205,2,1,5,+,8,10/31/2019 12:00:00 AM
4,205,2,1,10,+,0,10/31/2019 12:00:00 AM
4,205,2,1,15,-,0,10/31/2019 12:00:00 AM
4,205,2,2,5,+,8,10/31/2019 12:00:00 AM
4,205,2,3,5,+,23,10/31/2019 12:00:00 AM
4,205,3,1,5,+,"1,076",10/31/2019 12:00:00 AM
4,205,3,1,10,+,1,10/31/2019 12:00:00 AM
4,205,3,1,15,-,5,10/31/2019 12:00:00 AM
4,205,3,2,5,+,"1,072",10/31/2019 12:00:00 AM
4,205,3,3,5,+,"10,603",10/31/2019 12:00:00 AM
4,205,4,1,5,+,654,10/31/2019 12:00:00 AM
4,205,4,1,10,+,1,10/31/2019 12:00:00 AM
4,205,4,1,15,-,2,10/31/2019 12:00:00 AM
4,205,4,2,5,+,653,10/31/2019 12:00:00 AM
4,205,4,3,5,+,"3,538",10/31/2019 12:00:00 AM
4,205,5,1,5,+,85,10/31/2019 12:00:00 AM
4,205,5,1,10,+,0,10/31/2019 12:00:00 AM
4,205,5,1,20,+,0,10/31/2019 12:00:00 AM
4,205,5,1,25,-,0,10/31/2019 12:00:00 AM
4,205,5,2,5,+,85,10/31/2019 12:00:00 AM
4,205,5,3,5,+,458,10/31/2019 12:00:00 AM
4,205,6,1,5,+,537,10/31/2019 12:00:00 AM
4,205,6,1,10,+,0,10/31/2019 12:00:00 AM
4,205,6,1,20,+,5,10/31/2019 12:00:00 AM
4,205,6,1,25,-,4,10/31/2019 12:00:00 AM
4,205,6,2,5,+,538,10/31/2019 12:00:00 AM
4,205,6,3,5,+,"4,824",10/31/2019 12:00:00 AM
4,205,7,1,5,+,"2,382",10/31/2019 12:00:00 AM
4,205,7,1,10,+,2,10/31/2019 12:00:00 AM
4,205,7,1,15,-,7,10/31/2019 12:00:00 AM
4,205,7,1,20,+,5,10/31/2019 12:00:00 AM
4,205,7,1,25,-,4,10/31/2019 12:00:00 AM
4,205,7,2,5,+,"2,378",10/31/2019 12:00:00 AM
4,205,7,3,5,+,"19,586",10/31/2019 12:00:00 AM
4,205,1,1,5,+,22,09/30/2019 12:00:00 AM
4,205,1,1,10,+,0,09/30/2019 12:00:00 AM
4,205,1,1,15,-,0,09/30/2019 12:00:00 AM
4,205,1,2,5,+,22,09/30/2019 12:00:00 AM
4,205,1,3,5,+,140,09/30/2019 12:00:00 AM
4,205,2,1,5,+,8,09/30/2019 12:00:00 AM
4,205,2,1,10,+,0,09/30/2019 12:00:00 AM
4,205,2,1,15,-,0,09/30/2019 12:00:00 AM
4,205,2,2,5,+,8,09/30/2019 12:00:00 AM
4,205,2,3,5,+,23,09/30/2019 12:00:00 AM
4,205,3,1,5,+,"1,082",09/30/2019 12:00:00 AM
4,205,3,1,10,+,0,09/30/2019 12:00:00 AM
4,205,3,1,15,-,6,09/30/2019 12:00:00 AM
4,205,3,2,5,+,"1,076",09/30/2019 12:00:00 AM
4,205,3,3,5,+,"10,682",09/30/2019 12:00:00 AM
4,205,4,1,5,+,653,09/30/2019 12:00:00 AM
4,205,4,1,10,+,4,09/30/2019 12:00:00 AM
4,205,4,1,15,-,3,09/30/2019 12:00:00 AM
4,205,4,2,5,+,654,09/30/2019 12:00:00 AM
4,205,4,3,5,+,"3,540",09/30/2019 12:00:00 AM
4,205,5,1,5,+,85,09/30/2019 12:00:00 AM
4,205,5,1,10,+,0,09/30/2019 12:00:00 AM
4,205,5,1,20,+,1,09/30/2019 12:00:00 AM
4,205,5,1,25,-,1,09/30/2019 12:00:00 AM
4,205,5,2,5,+,85,09/30/2019 12:00:00 AM
4,205,5,3,5,+,535,09/30/2019 12:00:00 AM
4,205,6,1,5,+,532,09/30/2019 12:00:00 AM
4,205,6,1,10,+,0,09/30/2019 12:00:00 AM
4,205,6,1,20,+,4,09/30/2019 12:00:00 AM
4,205,6,1,25,-,2,09/30/2019 12:00:00 AM
4,205,6,2,5,+,537,09/30/2019 12:00:00 AM
4,205,6,3,5,+,"4,811",09/30/2019 12:00:00 AM
4,205,7,1,5,+,"2,385",09/30/2019 12:00:00 AM
4,205,7,1,10,+,4,09/30/2019 12:00:00 AM
4,205,7,1,15,-,9,09/30/2019 12:00:00 AM
4,205,7,1,20,+,5,09/30/2019 12:00:00 AM
4,205,7,1,25,-,3,09/30/2019 12:00:00 AM
4,205,7,2,5,+,"2,382",09/30/2019 12:00:00 AM
4,205,7,3,5,+,"19,654",09/30/2019 12:00:00 AM
4,205,1,1,5,+,23,08/31/2019 12:00:00 AM
4,205,1,1,10,+,0,08/31/2019 12:00:00 AM
4,205,1,1,15,-,1,08/31/2019 12:00:00 AM
4,205,1,2,5,+,22,08/31/2019 12:00:00 AM
4,205,1,3,5,+,140,08/31/2019 12:00:00 AM
4,205,2,1,5,+,8,08/31/2019 12:00:00 AM
4,205,2,1,10,+,0,08/31/2019 12:00:00 AM
4,205,2,1,15,-,0,08/31/2019 12:00:00 AM
4,205,2,2,5,+,8,08/31/2019 12:00:00 AM
4,205,2,3,5,+,23,08/31/2019 12:00:00 AM
4,205,3,1,5,+,"1,084",08/31/2019 12:00:00 AM
4,205,3,1,10,+,2,08/31/2019 12:00:00 AM
4,205,3,1,15,-,4,08/31/2019 12:00:00 AM
4,205,3,2,5,+,"1,082",08/31/2019 12:00:00 AM
4,205,3,3,5,+,"10,745",08/31/2019 12:00:00 AM
4,205,4,1,5,+,654,08/31/2019 12:00:00 AM
4,205,4,1,10,+,0,08/31/2019 12:00:00 AM
4,205,4,1,15,-,1,08/31/2019 12:00:00 AM
4,205,4,2,5,+,653,08/31/2019 12:00:00 AM
4,205,4,3,5,+,"3,527",08/31/2019 12:00:00 AM
4,205,5,1,5,+,87,08/31/2019 12:00:00 AM
4,205,5,1,10,+,0,08/31/2019 12:00:00 AM
4,205,5,1,20,+,0,08/31/2019 12:00:00 AM
4,205,5,1,25,-,2,08/31/2019 12:00:00 AM
4,205,5,2,5,+,85,08/31/2019 12:00:00 AM
4,205,5,3,5,+,457,08/31/2019 12:00:00 AM
4,205,6,1,5,+,534,08/31/2019 12:00:00 AM
4,205,6,1,10,+,0,08/31/2019 12:00:00 AM
4,205,6,1,20,+,1,08/31/2019 12:00:00 AM
4,205,6,1,25,-,0,08/31/2019 12:00:00 AM
4,205,6,2,5,+,535,08/31/2019 12:00:00 AM
4,205,6,3,5,+,"4,798",08/31/2019 12:00:00 AM
4,205,7,1,5,+,"2,390",08/31/2019 12:00:00 AM
4,205,7,1,10,+,2,08/31/2019 12:00:00 AM
4,205,7,1,15,-,6,08/31/2019 12:00:00 AM
4,205,7,1,20,+,1,08/31/2019 12:00:00 AM
4,205,7,1,25,-,2,08/31/2019 12:00:00 AM
4,205,7,2,5,+,"2,385",08/31/2019 12:00:00 AM
4,205,7,3,5,+,"19,690",08/31/2019 12:00:00 AM
4,205,1,1,5,+,23,07/31/2019 12:00:00 AM
4,205,1,1,10,+,0,07/31/2019 12:00:00 AM
4,205,1,1,15,-,0,07/31/2019 12:00:00 AM
4,205,1,2,5,+,23,07/31/2019 12:00:00 AM
4,205,1,3,5,+,141,07/31/2019 12:00:00 AM
4,205,2,1,5,+,8,07/31/2019 12:00:00 AM
4,205,2,1,10,+,0,07/31/2019 12:00:00 AM
4,205,2,1,15,-,0,07/31/2019 12:00:00 AM
4,205,2,2,5,+,8,07/31/2019 12:00:00 AM
4,205,2,3,5,+,23,07/31/2019 12:00:00 AM
4,205,3,1,5,+,"1,085",07/31/2019 12:00:00 AM
4,205,3,1,10,+,0,07/31/2019 12:00:00 AM
4,205,3,1,15,-,1,07/31/2019 12:00:00 AM
4,205,3,2,5,+,"1,084",07/31/2019 12:00:00 AM
4,205,3,3,5,+,"10,778",07/31/2019 12:00:00 AM
4,205,4,1,5,+,655,07/31/2019 12:00:00 AM
4,205,4,1,10,+,0,07/31/2019 12:00:00 AM
4,205,4,1,15,-,1,07/31/2019 12:00:00 AM
4,205,4,2,5,+,654,07/31/2019 12:00:00 AM
4,205,4,3,5,+,"3,549",07/31/2019 12:00:00 AM
4,205,5,1,5,+,87,07/31/2019 12:00:00 AM
4,205,5,1,10,+,0,07/31/2019 12:00:00 AM
4,205,5,1,20,+,0,07/31/2019 12:00:00 AM
4,205,5,1,25,-,0,07/31/2019 12:00:00 AM
4,205,5,2,5,+,87,07/31/2019 12:00:00 AM
4,205,5,3,5,+,465,07/31/2019 12:00:00 AM
4,205,6,1,5,+,532,07/31/2019 12:00:00 AM
4,205,6,1,10,+,0,07/31/2019 12:00:00 AM
4,205,6,1,20,+,3,07/31/2019 12:00:00 AM
4,205,6,1,25,-,1,07/31/2019 12:00:00 AM
4,205,6,2,5,+,534,07/31/2019 12:00:00 AM
4,205,6,3,5,+,"4,792",07/31/2019 12:00:00 AM
4,205,7,1,5,+,"2,390",07/31/2019 12:00:00 AM
4,205,7,1,10,+,0,07/31/2019 12:00:00 AM
4,205,7,1,15,-,2,07/31/2019 12:00:00 AM
4,205,7,1,20,+,3,07/31/2019 12:00:00 AM
4,205,7,1,25,-,1,07/31/2019 12:00:00 AM
4,205,7,2,5,+,"2,390",07/31/2019 12:00:00 AM
4,205,7,3,5,+,"19,748",07/31/2019 12:00:00 AM
4,205,1,1,5,+,23,06/30/2019 12:00:00 AM
4,205,1,1,10,+,0,06/30/2019 12:00:00 AM
4,205,1,1,15,-,0,06/30/2019 12:00:00 AM
4,205,1,2,5,+,23,06/30/2019 12:00:00 AM
4,205,1,3,5,+,212,06/30/2019 12:00:00 AM
4,205,2,1,5,+,8,06/30/2019 12:00:00 AM
4,205,2,1,10,+,0,06/30/2019 12:00:00 AM
4,205,2,1,15,-,0,06/30/2019 12:00:00 AM
4,205,2,2,5,+,8,06/30/2019 12:00:00 AM
4,205,2,3,5,+,40,06/30/2019 12:00:00 AM
4,205,3,1,5,+,"1,086",06/30/2019 12:00:00 AM
4,205,3,1,10,+,1,06/30/2019 12:00:00 AM
4,205,3,1,15,-,2,06/30/2019 12:00:00 AM
4,205,3,2,5,+,"1,085",06/30/2019 12:00:00 AM
4,205,3,3,5,+,"16,559",06/30/2019 12:00:00 AM
4,205,4,1,5,+,655,06/30/2019 12:00:00 AM
4,205,4,1,10,+,1,06/30/2019 12:00:00 AM
4,205,4,1,15,-,1,06/30/2019 12:00:00 AM
4,205,4,2,5,+,655,06/30/2019 12:00:00 AM
4,205,4,3,5,+,"5,268",06/30/2019 12:00:00 AM
4,205,5,1,5,+,89,06/30/2019 12:00:00 AM
4,205,5,1,10,+,0,06/30/2019 12:00:00 AM
4,205,5,1,20,+,0,06/30/2019 12:00:00 AM
4,205,5,1,25,-,2,06/30/2019 12:00:00 AM
4,205,5,2,5,+,87,06/30/2019 12:00:00 AM
4,205,5,3,5,+,812,06/30/2019 12:00:00 AM
4,205,6,1,5,+,532,06/30/2019 12:00:00 AM
4,205,6,1,10,+,0,06/30/2019 12:00:00 AM
4,205,6,1,20,+,1,06/30/2019 12:00:00 AM
4,205,6,1,25,-,1,06/30/2019 12:00:00 AM
4,205,6,2,5,+,532,06/30/2019 12:00:00 AM
4,205,6,3,5,+,"8,280",06/30/2019 12:00:00 AM
4,205,7,1,5,+,"2,393",06/30/2019 12:00:00 AM
4,205,7,1,10,+,2,06/30/2019 12:00:00 AM
4,205,7,1,15,-,3,06/30/2019 12:00:00 AM
4,205,7,1,20,+,1,06/30/2019 12:00:00 AM
4,205,7,1,25,-,3,06/30/2019 12:00:00 AM
4,205,7,2,5,+,"2,390",06/30/2019 12:00:00 AM
4,205,7,3,5,+,"31,171",06/30/2019 12:00:00 AM
4,205,1,1,5,+,23,05/31/2019 12:00:00 AM
4,205,1,1,10,+,0,05/31/2019 12:00:00 AM
4,205,1,1,15,-,0,05/31/2019 12:00:00 AM
4,205,1,2,5,+,23,05/31/2019 12:00:00 AM
4,205,1,3,5,+,141,05/31/2019 12:00:00 AM
4,205,2,1,5,+,8,05/31/2019 12:00:00 AM
4,205,2,1,10,+,0,05/31/2019 12:00:00 AM
4,205,2,1,15,-,0,05/31/2019 12:00:00 AM
4,205,2,2,5,+,8,05/31/2019 12:00:00 AM
4,205,2,3,5,+,23,05/31/2019 12:00:00 AM
4,205,3,1,5,+,"1,088",05/31/2019 12:00:00 AM
4,205,3,1,10,+,2,05/31/2019 12:00:00 AM
4,205,3,1,15,-,4,05/31/2019 12:00:00 AM
4,205,3,2,5,+,"1,086",05/31/2019 12:00:00 AM
4,205,3,3,5,+,"10,808",05/31/2019 12:00:00 AM
4,205,4,1,5,+,654,05/31/2019 12:00:00 AM
4,205,4,1,10,+,1,05/31/2019 12:00:00 AM
4,205,4,1,15,-,0,05/31/2019 12:00:00 AM
4,205,4,2,5,+,655,05/31/2019 12:00:00 AM
4,205,4,3,5,+,"3,545",05/31/2019 12:00:00 AM
4,205,5,1,5,+,91,05/31/2019 12:00:00 AM
4,205,5,1,10,+,0,05/31/2019 12:00:00 AM
4,205,5,1,20,+,0,05/31/2019 12:00:00 AM
4,205,5,1,25,-,2,05/31/2019 12:00:00 AM
4,205,5,2,5,+,89,05/31/2019 12:00:00 AM
4,205,5,3,5,+,467,05/31/2019 12:00:00 AM
4,205,6,1,5,+,530,05/31/2019 12:00:00 AM
4,205,6,1,10,+,0,05/31/2019 12:00:00 AM
4,205,6,1,20,+,5,05/31/2019 12:00:00 AM
4,205,6,1,25,-,3,05/31/2019 12:00:00 AM
4,205,6,2,5,+,532,05/31/2019 12:00:00 AM
4,205,6,3,5,+,"4,791",05/31/2019 12:00:00 AM
4,205,7,1,5,+,"2,394",05/31/2019 12:00:00 AM
4,205,7,1,10,+,3,05/31/2019 12:00:00 AM
4,205,7,1,15,-,4,05/31/2019 12:00:00 AM
4,205,7,1,20,+,5,05/31/2019 12:00:00 AM
4,205,7,1,25,-,5,05/31/2019 12:00:00 AM
4,205,7,2,5,+,"2,393",05/31/2019 12:00:00 AM
4,205,7,3,5,+,"19,775",05/31/2019 12:00:00 AM
4,205,1,1,5,+,23,04/30/2019 12:00:00 AM
4,205,1,1,10,+,0,04/30/2019 12:00:00 AM
4,205,1,1,15,-,0,04/30/2019 12:00:00 AM
4,205,1,2,5,+,23,04/30/2019 12:00:00 AM
4,205,1,3,5,+,141,04/30/2019 12:00:00 AM
4,205,2,1,5,+,8,04/30/2019 12:00:00 AM
4,205,2,1,10,+,0,04/30/2019 12:00:00 AM
4,205,2,1,15,-,0,04/30/2019 12:00:00 AM
4,205,2,2,5,+,8,04/30/2019 12:00:00 AM
4,205,2,3,5,+,23,04/30/2019 12:00:00 AM
4,205,3,1,5,+,"1,089",04/30/2019 12:00:00 AM
4,205,3,1,10,+,0,04/30/2019 12:00:00 AM
4,205,3,1,15,-,1,04/30/2019 12:00:00 AM
4,205,3,2,5,+,"1,088",04/30/2019 12:00:00 AM
4,205,3,3,5,+,"10,854",04/30/2019 12:00:00 AM
4,205,4,1,5,+,656,04/30/2019 12:00:00 AM
4,205,4,1,10,+,0,04/30/2019 12:00:00 AM
4,205,4,1,15,-,2,04/30/2019 12:00:00 AM
4,205,4,2,5,+,654,04/30/2019 12:00:00 AM
4,205,4,3,5,+,"3,541",04/30/2019 12:00:00 AM
4,205,5,1,5,+,91,04/30/2019 12:00:00 AM
4,205,5,1,10,+,0,04/30/2019 12:00:00 AM
4,205,5,1,20,+,0,04/30/2019 12:00:00 AM
4,205,5,1,25,-,0,04/30/2019 12:00:00 AM
4,205,5,2,5,+,91,04/30/2019 12:00:00 AM
4,205,5,3,5,+,473,04/30/2019 12:00:00 AM
4,205,6,1,5,+,531,04/30/2019 12:00:00 AM
4,205,6,1,10,+,1,04/30/2019 12:00:00 AM
4,205,6,1,20,+,1,04/30/2019 12:00:00 AM
4,205,6,1,25,-,3,04/30/2019 12:00:00 AM
4,205,6,2,5,+,530,04/30/2019 12:00:00 AM
4,205,6,3,5,+,"4,797",04/30/2019 12:00:00 AM
4,205,7,1,5,+,"2,398",04/30/2019 12:00:00 AM
4,205,7,1,10,+,1,04/30/2019 12:00:00 AM
4,205,7,1,15,-,3,04/30/2019 12:00:00 AM
4,205,7,1,20,+,1,04/30/2019 12:00:00 AM
4,205,7,1,25,-,3,04/30/2019 12:00:00 AM
4,205,7,2,5,+,"2,394",04/30/2019 12:00:00 AM
4,205,7,3,5,+,"19,829",04/30/2019 12:00:00 AM
4,205,1,1,5,+,23,03/30/2019 12:00:00 AM
4,205,1,1,10,+,0,03/30/2019 12:00:00 AM
4,205,1,1,15,-,0,03/30/2019 12:00:00 AM
4,205,1,2,5,+,23,03/30/2019 12:00:00 AM
4,205,1,3,5,+,141,03/30/2019 12:00:00 AM
4,205,2,1,5,+,8,03/30/2019 12:00:00 AM
4,205,2,1,10,+,0,03/30/2019 12:00:00 AM
4,205,2,1,15,-,0,03/30/2019 12:00:00 AM
4,205,2,2,5,+,8,03/30/2019 12:00:00 AM
4,205,2,3,5,+,23,03/30/2019 12:00:00 AM
4,205,3,1,5,+,"1,094",03/30/2019 12:00:00 AM
4,205,3,1,10,+,0,03/30/2019 12:00:00 AM
4,205,3,1,15,-,3,03/30/2019 12:00:00 AM
4,205,3,2,5,+,"1,091",03/30/2019 12:00:00 AM
4,205,3,3,5,+,"10,905",03/30/2019 12:00:00 AM
4,205,4,1,5,+,659,03/30/2019 12:00:00 AM
4,205,4,1,10,+,0,03/30/2019 12:00:00 AM
4,205,4,1,15,-,0,03/30/2019 12:00:00 AM
4,205,4,2,5,+,659,03/30/2019 12:00:00 AM
4,205,4,3,5,+,"3,557",03/30/2019 12:00:00 AM
4,205,5,1,5,+,87,03/30/2019 12:00:00 AM
4,205,5,1,10,+,0,03/30/2019 12:00:00 AM
4,205,5,1,20,+,1,03/30/2019 12:00:00 AM
4,205,5,1,25,-,0,03/30/2019 12:00:00 AM
4,205,5,2,5,+,88,03/30/2019 12:00:00 AM
4,205,5,3,5,+,475,03/30/2019 12:00:00 AM
4,205,6,1,5,+,529,03/30/2019 12:00:00 AM
4,205,6,1,10,+,0,03/30/2019 12:00:00 AM
4,205,6,1,20,+,3,03/30/2019 12:00:00 AM
4,205,6,1,25,-,1,03/30/2019 12:00:00 AM
4,205,6,2,5,+,531,03/30/2019 12:00:00 AM
4,205,6,3,5,+,"4,805",03/30/2019 12:00:00 AM
4,205,7,1,5,+,"1,873",03/30/2019 12:00:00 AM
4,205,7,1,10,+,0,03/30/2019 12:00:00 AM
4,205,7,1,15,-,2,03/30/2019 12:00:00 AM
4,205,7,1,20,+,8,03/30/2019 12:00:00 AM
4,205,7,1,25,-,0,03/30/2019 12:00:00 AM
4,205,7,2,5,+,"1,879",03/30/2019 12:00:00 AM
4,205,7,3,5,+,"31,434",03/30/2019 12:00:00 AM
4,205,1,1,5,+,23,02/28/2019 12:00:00 AM
4,205,1,1,10,+,0,02/28/2019 12:00:00 AM
4,205,1,1,15,-,0,02/28/2019 12:00:00 AM
4,205,1,2,5,+,23,02/28/2019 12:00:00 AM
4,205,1,3,5,+,141,02/28/2019 12:00:00 AM
4,205,2,1,5,+,8,02/28/2019 12:00:00 AM
4,205,2,1,10,+,0,02/28/2019 12:00:00 AM
4,205,2,1,15,-,0,02/28/2019 12:00:00 AM
4,205,2,2,5,+,8,02/28/2019 12:00:00 AM
4,205,2,3,5,+,23,02/28/2019 12:00:00 AM
4,205,3,1,5,+,"1,091",02/28/2019 12:00:00 AM
4,205,3,1,10,+,2,02/28/2019 12:00:00 AM
4,205,3,1,15,-,4,02/28/2019 12:00:00 AM
4,205,3,2,5,+,"1,089",02/28/2019 12:00:00 AM
4,205,3,3,5,+,"10,852",02/28/2019 12:00:00 AM
4,205,4,1,5,+,659,02/28/2019 12:00:00 AM
4,205,4,1,10,+,1,02/28/2019 12:00:00 AM
4,205,4,1,15,-,4,02/28/2019 12:00:00 AM
4,205,4,2,5,+,656,02/28/2019 12:00:00 AM
4,205,4,3,5,+,"3,546",02/28/2019 12:00:00 AM
4,205,5,1,5,+,88,02/28/2019 12:00:00 AM
4,205,5,1,10,+,0,02/28/2019 12:00:00 AM
4,205,5,1,20,+,3,02/28/2019 12:00:00 AM
4,205,5,1,25,-,0,02/28/2019 12:00:00 AM
4,205,5,2,5,+,91,02/28/2019 12:00:00 AM
4,205,5,3,5,+,473,02/28/2019 12:00:00 AM
4,205,6,1,5,+,531,02/28/2019 12:00:00 AM
4,205,6,1,10,+,0,02/28/2019 12:00:00 AM
4,205,6,1,20,+,4,02/28/2019 12:00:00 AM
4,205,6,1,25,-,4,02/28/2019 12:00:00 AM
4,205,6,2,5,+,531,02/28/2019 12:00:00 AM
4,205,6,3,5,+,"4,797",02/28/2019 12:00:00 AM
4,205,7,1,5,+,"1,879",02/28/2019 12:00:00 AM
4,205,7,1,10,+,0,02/28/2019 12:00:00 AM
4,205,7,1,15,-,6,02/28/2019 12:00:00 AM
4,205,7,1,20,+,0,02/28/2019 12:00:00 AM
4,205,7,1,25,-,3,02/28/2019 12:00:00 AM
4,205,7,2,5,+,"1,870",02/28/2019 12:00:00 AM
4,205,7,3,5,+,"31,285",02/28/2019 12:00:00 AM
4,205,1,1,5,+,23,01/30/2019 12:00:00 AM
4,205,1,1,10,+,0,01/30/2019 12:00:00 AM
4,205,1,1,15,-,0,01/30/2019 12:00:00 AM
4,205,1,2,5,+,23,01/30/2019 12:00:00 AM
4,205,1,3,5,+,139,01/30/2019 12:00:00 AM
4,205,2,1,5,+,8,01/30/2019 12:00:00 AM
4,205,2,1,10,+,0,01/30/2019 12:00:00 AM
4,205,2,1,15,-,0,01/30/2019 12:00:00 AM
4,205,2,2,5,+,8,01/30/2019 12:00:00 AM
4,205,2,3,5,+,23,01/30/2019 12:00:00 AM
4,205,3,1,5,+,"1,097",01/30/2019 12:00:00 AM
4,205,3,1,10,+,1,01/30/2019 12:00:00 AM
4,205,3,1,15,-,4,01/30/2019 12:00:00 AM
4,205,3,2,5,+,"1,094",01/30/2019 12:00:00 AM
4,205,3,3,5,+,"10,755",01/30/2019 12:00:00 AM
4,205,4,1,5,+,658,01/30/2019 12:00:00 AM
4,205,4,1,10,+,1,01/30/2019 12:00:00 AM
4,205,4,1,15,-,0,01/30/2019 12:00:00 AM
4,205,4,2,5,+,659,01/30/2019 12:00:00 AM
4,205,4,3,5,+,"3,538",01/30/2019 12:00:00 AM
4,205,5,1,5,+,88,01/30/2019 12:00:00 AM
4,205,5,1,10,+,0,01/30/2019 12:00:00 AM
4,205,5,1,20,+,0,01/30/2019 12:00:00 AM
4,205,5,1,25,-,1,01/30/2019 12:00:00 AM
4,205,5,2,5,+,87,01/30/2019 12:00:00 AM
4,205,5,3,5,+,463,01/30/2019 12:00:00 AM
4,205,6,1,5,+,527,01/30/2019 12:00:00 AM
4,205,6,1,10,+,0,01/30/2019 12:00:00 AM
4,205,6,1,20,+,3,01/30/2019 12:00:00 AM
4,205,6,1,25,-,1,01/30/2019 12:00:00 AM
4,205,6,2,5,+,529,01/30/2019 12:00:00 AM
4,205,6,3,5,+,"4,727",01/30/2019 12:00:00 AM
4,205,7,1,5,+,"1,876",01/30/2019 12:00:00 AM
4,205,7,1,10,+,0,01/30/2019 12:00:00 AM
4,205,7,1,15,-,4,01/30/2019 12:00:00 AM
4,205,7,1,20,+,3,01/30/2019 12:00:00 AM
4,205,7,1,25,-,2,01/30/2019 12:00:00 AM
4,205,7,2,5,+,"1,873",01/30/2019 12:00:00 AM
4,205,7,3,5,+,"30,815",01/30/2019 12:00:00 AM
4,205,1,1,5,+,23,12/30/2018 12:00:00 AM
4,205,1,1,10,+,0,12/30/2018 12:00:00 AM
4,205,1,1,15,-,0,12/30/2018 12:00:00 AM
4,205,1,2,5,+,23,12/30/2018 12:00:00 AM
4,205,1,3,5,+,264,12/30/2018 12:00:00 AM
4,205,2,1,5,+,8,12/30/2018 12:00:00 AM
4,205,2,1,10,+,0,12/30/2018 12:00:00 AM
4,205,2,1,15,-,0,12/30/2018 12:00:00 AM
4,205,2,2,5,+,8,12/30/2018 12:00:00 AM
4,205,2,3,5,+,44,12/30/2018 12:00:00 AM
4,205,3,1,5,+,"1,094",12/30/2018 12:00:00 AM
4,205,3,1,10,+,4,12/30/2018 12:00:00 AM
4,205,3,1,15,-,1,12/30/2018 12:00:00 AM
4,205,3,2,5,+,"1,097",12/30/2018 12:00:00 AM
4,205,3,3,5,+,"20,894",12/30/2018 12:00:00 AM
4,205,4,1,5,+,656,12/30/2018 12:00:00 AM
4,205,4,1,10,+,3,12/30/2018 12:00:00 AM
4,205,4,1,15,-,1,12/30/2018 12:00:00 AM
4,205,4,2,5,+,658,12/30/2018 12:00:00 AM
4,205,4,3,5,+,"6,810",12/30/2018 12:00:00 AM
4,205,5,1,5,+,87,12/30/2018 12:00:00 AM
4,205,5,1,10,+,0,12/30/2018 12:00:00 AM
4,205,5,1,20,+,1,12/30/2018 12:00:00 AM
4,205,5,1,25,-,0,12/30/2018 12:00:00 AM
4,205,5,2,5,+,88,12/30/2018 12:00:00 AM
4,205,5,3,5,+,916,12/30/2018 12:00:00 AM
4,205,6,1,5,+,521,12/30/2018 12:00:00 AM
4,205,6,1,10,+,0,12/30/2018 12:00:00 AM
4,205,6,1,20,+,7,12/30/2018 12:00:00 AM
4,205,6,1,25,-,1,12/30/2018 12:00:00 AM
4,205,6,2,5,+,527,12/30/2018 12:00:00 AM
4,205,6,3,5,+,"9,072",12/30/2018 12:00:00 AM
4,205,7,1,5,+,"2,389",12/30/2018 12:00:00 AM
4,205,7,1,10,+,7,12/30/2018 12:00:00 AM
4,205,7,1,15,-,2,12/30/2018 12:00:00 AM
4,205,7,1,20,+,8,12/30/2018 12:00:00 AM
4,205,7,1,25,-,1,12/30/2018 12:00:00 AM
4,205,7,2,5,+,"2,401",12/30/2018 12:00:00 AM
4,205,7,3,5,+,"38,000",12/30/2018 12:00:00 AM
4,205,1,1,5,+,23,11/30/2018 12:00:00 AM
4,205,1,1,10,+,0,11/30/2018 12:00:00 AM
4,205,1,1,15,-,0,11/30/2018 12:00:00 AM
4,205,1,2,5,+,23,11/30/2018 12:00:00 AM
4,205,1,3,5,+,135,11/30/2018 12:00:00 AM
4,205,2,1,5,+,8,11/30/2018 12:00:00 AM
4,205,2,1,10,+,0,11/30/2018 12:00:00 AM
4,205,2,1,15,-,0,11/30/2018 12:00:00 AM
4,205,2,2,5,+,8,11/30/2018 12:00:00 AM
4,205,2,3,5,+,22,11/30/2018 12:00:00 AM
4,205,3,1,5,+,"1,094",11/30/2018 12:00:00 AM
4,205,3,1,10,+,2,11/30/2018 12:00:00 AM
4,205,3,1,15,-,2,11/30/2018 12:00:00 AM
4,205,3,2,5,+,"1,094",11/30/2018 12:00:00 AM
4,205,3,3,5,+,"10,421",11/30/2018 12:00:00 AM
4,205,4,1,5,+,654,11/30/2018 12:00:00 AM
4,205,4,1,10,+,2,11/30/2018 12:00:00 AM
4,205,4,1,15,-,0,11/30/2018 12:00:00 AM
4,205,4,2,5,+,656,11/30/2018 12:00:00 AM
4,205,4,3,5,+,"3,432",11/30/2018 12:00:00 AM
4,205,5,1,5,+,88,11/30/2018 12:00:00 AM
4,205,5,1,10,+,0,11/30/2018 12:00:00 AM
4,205,5,1,20,+,2,11/30/2018 12:00:00 AM
4,205,5,1,25,-,3,11/30/2018 12:00:00 AM
4,205,5,2,5,+,87,11/30/2018 12:00:00 AM
4,205,5,3,5,+,458,11/30/2018 12:00:00 AM
4,205,6,1,5,+,517,11/30/2018 12:00:00 AM
4,205,6,1,10,+,0,11/30/2018 12:00:00 AM
4,205,6,1,20,+,5,11/30/2018 12:00:00 AM
4,205,6,1,25,-,1,11/30/2018 12:00:00 AM
4,205,6,2,5,+,521,11/30/2018 12:00:00 AM
4,205,6,3,5,+,"4,494",11/30/2018 12:00:00 AM
4,205,7,1,5,+,"2,384",11/30/2018 12:00:00 AM
4,205,7,1,10,+,4,11/30/2018 12:00:00 AM
4,205,7,1,15,-,2,11/30/2018 12:00:00 AM
4,205,7,1,20,+,7,11/30/2018 12:00:00 AM
4,205,7,1,25,-,4,11/30/2018 12:00:00 AM
4,205,7,2,5,+,"2,389",11/30/2018 12:00:00 AM
4,205,7,3,5,+,"18,962",11/30/2018 12:00:00 AM
4,205,1,1,5,+,23,10/30/2018 12:00:00 AM
4,205,1,1,10,+,0,10/30/2018 12:00:00 AM
4,205,1,1,15,-,0,10/30/2018 12:00:00 AM
4,205,1,2,5,+,23,10/30/2018 12:00:00 AM
4,205,1,3,5,+,135,10/30/2018 12:00:00 AM
4,205,2,1,5,+,8,10/30/2018 12:00:00 AM
4,205,2,1,10,+,0,10/30/2018 12:00:00 AM
4,205,2,1,15,-,0,10/30/2018 12:00:00 AM
4,205,2,2,5,+,8,10/30/2018 12:00:00 AM
4,205,2,3,5,+,22,10/30/2018 12:00:00 AM
4,205,3,1,5,+,"1,098",10/30/2018 12:00:00 AM
4,205,3,1,10,+,2,10/30/2018 12:00:00 AM
4,205,3,1,15,-,6,10/30/2018 12:00:00 AM
4,205,3,2,5,+,"1,094",10/30/2018 12:00:00 AM
4,205,3,3,5,+,"10,417",10/30/2018 12:00:00 AM
4,205,4,1,5,+,653,10/30/2018 12:00:00 AM
4,205,4,1,10,+,3,10/30/2018 12:00:00 AM
4,205,4,1,15,-,2,10/30/2018 12:00:00 AM
4,205,4,2,5,+,654,10/30/2018 12:00:00 AM
4,205,4,3,5,+,"3,395",10/30/2018 12:00:00 AM
4,205,5,1,5,+,89,10/30/2018 12:00:00 AM
4,205,5,1,10,+,0,10/30/2018 12:00:00 AM
4,205,5,1,20,+,0,10/30/2018 12:00:00 AM
4,205,5,1,25,-,1,10/30/2018 12:00:00 AM
4,205,5,2,5,+,88,10/30/2018 12:00:00 AM
4,205,5,3,5,+,435,10/30/2018 12:00:00 AM
4,205,6,1,5,+,517,10/30/2018 12:00:00 AM
4,205,6,1,10,+,0,10/30/2018 12:00:00 AM
4,205,6,1,20,+,2,10/30/2018 12:00:00 AM
4,205,6,1,25,-,2,10/30/2018 12:00:00 AM
4,205,6,2,5,+,517,10/30/2018 12:00:00 AM
4,205,6,3,5,+,"4,476",10/30/2018 12:00:00 AM
4,205,7,1,5,+,"2,388",10/30/2018 12:00:00 AM
4,205,7,1,10,+,5,10/30/2018 12:00:00 AM
4,205,7,1,15,-,8,10/30/2018 12:00:00 AM
4,205,7,1,20,+,2,10/30/2018 12:00:00 AM
4,205,7,1,25,-,3,10/30/2018 12:00:00 AM
4,205,7,2,5,+,"2,384",10/30/2018 12:00:00 AM
4,205,7,3,5,+,"18,880",10/30/2018 12:00:00 AM
4,205,1,1,5,+,23,09/30/2018 12:00:00 AM
4,205,1,1,10,+,0,09/30/2018 12:00:00 AM
4,205,1,1,15,-,0,09/30/2018 12:00:00 AM
4,205,1,2,5,+,23,09/30/2018 12:00:00 AM
4,205,1,3,5,+,135,09/30/2018 12:00:00 AM
4,205,2,1,5,+,8,09/30/2018 12:00:00 AM
4,205,2,1,10,+,0,09/30/2018 12:00:00 AM
4,205,2,1,15,-,0,09/30/2018 12:00:00 AM
4,205,2,2,5,+,8,09/30/2018 12:00:00 AM
4,205,2,3,5,+,22,09/30/2018 12:00:00 AM
4,205,3,1,5,+,"1,098",09/30/2018 12:00:00 AM
4,205,3,1,10,+,2,09/30/2018 12:00:00 AM
4,205,3,1,15,-,2,09/30/2018 12:00:00 AM
4,205,3,2,5,+,"1,098",09/30/2018 12:00:00 AM
4,205,3,3,5,+,"10,451",09/30/2018 12:00:00 AM
4,205,4,1,5,+,652,09/30/2018 12:00:00 AM
4,205,4,1,10,+,1,09/30/2018 12:00:00 AM
4,205,4,1,15,-,0,09/30/2018 12:00:00 AM
4,205,4,2,5,+,653,09/30/2018 12:00:00 AM
4,205,4,3,5,+,"3,386",09/30/2018 12:00:00 AM
4,205,5,1,5,+,92,09/30/2018 12:00:00 AM
4,205,5,1,10,+,0,09/30/2018 12:00:00 AM
4,205,5,1,20,+,0,09/30/2018 12:00:00 AM
4,205,5,1,25,-,3,09/30/2018 12:00:00 AM
4,205,5,2,5,+,89,09/30/2018 12:00:00 AM
4,205,5,3,5,+,436,09/30/2018 12:00:00 AM
4,205,6,1,5,+,520,09/30/2018 12:00:00 AM
4,205,6,1,10,+,0,09/30/2018 12:00:00 AM
4,205,6,1,20,+,3,09/30/2018 12:00:00 AM
4,205,6,1,25,-,6,09/30/2018 12:00:00 AM
4,205,6,2,5,+,517,09/30/2018 12:00:00 AM
4,205,6,3,5,+,"4,490",09/30/2018 12:00:00 AM
4,205,7,1,5,+,"2,393",09/30/2018 12:00:00 AM
4,205,7,1,10,+,3,09/30/2018 12:00:00 AM
4,205,7,1,15,-,2,09/30/2018 12:00:00 AM
4,205,7,1,20,+,3,09/30/2018 12:00:00 AM
4,205,7,1,25,-,9,09/30/2018 12:00:00 AM
4,205,7,2,5,+,"2,388",09/30/2018 12:00:00 AM
4,205,7,3,5,+,"18,920",09/30/2018 12:00:00 AM
4,205,1,1,5,+,23,08/30/2018 12:00:00 AM
4,205,1,1,10,+,0,08/30/2018 12:00:00 AM
4,205,1,1,15,-,0,08/30/2018 12:00:00 AM
4,205,1,2,5,+,23,08/30/2018 12:00:00 AM
4,205,1,3,5,+,135,08/30/2018 12:00:00 AM
4,205,2,1,5,+,8,08/30/2018 12:00:00 AM
4,205,2,1,10,+,0,08/30/2018 12:00:00 AM
4,205,2,1,15,-,0,08/30/2018 12:00:00 AM
4,205,2,2,5,+,8,08/30/2018 12:00:00 AM
4,205,2,3,5,+,22,08/30/2018 12:00:00 AM
4,205,3,1,5,+,"1,089",08/30/2018 12:00:00 AM
4,205,3,1,10,+,13,08/30/2018 12:00:00 AM
4,205,3,1,15,-,4,08/30/2018 12:00:00 AM
4,205,3,2,5,+,"1,098",08/30/2018 12:00:00 AM
4,205,3,3,5,+,"10,419",08/30/2018 12:00:00 AM
4,205,4,1,5,+,651,08/30/2018 12:00:00 AM
4,205,4,1,10,+,2,08/30/2018 12:00:00 AM
4,205,4,1,15,-,1,08/30/2018 12:00:00 AM
4,205,4,2,5,+,652,08/30/2018 12:00:00 AM
4,205,4,3,5,+,"3,373",08/30/2018 12:00:00 AM
4,205,5,1,5,+,92,08/30/2018 12:00:00 AM
4,205,5,1,10,+,0,08/30/2018 12:00:00 AM
4,205,5,1,20,+,0,08/30/2018 12:00:00 AM
4,205,5,1,25,-,0,08/30/2018 12:00:00 AM
4,205,5,2,5,+,92,08/30/2018 12:00:00 AM
4,205,5,3,5,+,443,08/30/2018 12:00:00 AM
4,205,6,1,5,+,522,08/30/2018 12:00:00 AM
4,205,6,1,10,+,0,08/30/2018 12:00:00 AM
4,205,6,1,20,+,2,08/30/2018 12:00:00 AM
4,205,6,1,25,-,4,08/30/2018 12:00:00 AM
4,205,6,2,5,+,520,08/30/2018 12:00:00 AM
4,205,6,3,5,+,"4,486",08/30/2018 12:00:00 AM
4,205,7,1,5,+,"2,385",08/30/2018 12:00:00 AM
4,205,7,1,10,+,15,08/30/2018 12:00:00 AM
4,205,7,1,15,-,5,08/30/2018 12:00:00 AM
4,205,7,1,20,+,2,08/30/2018 12:00:00 AM
4,205,7,1,25,-,4,08/30/2018 12:00:00 AM
4,205,7,2,5,+,"2,393",08/30/2018 12:00:00 AM
4,205,7,3,5,+,"18,878",08/30/2018 12:00:00 AM
4,205,1,1,10,+,0,07/30/2018 12:00:00 AM
4,205,1,1,15,-,0,07/30/2018 12:00:00 AM
4,205,1,2,5,+,23,07/30/2018 12:00:00 AM
4,205,1,3,5,+,135,07/30/2018 12:00:00 AM
4,205,2,1,5,+,8,07/30/2018 12:00:00 AM
4,205,2,1,10,+,0,07/30/2018 12:00:00 AM
4,205,2,1,15,-,0,07/30/2018 12:00:00 AM
4,205,2,2,5,+,8,07/30/2018 12:00:00 AM
4,205,2,3,5,+,22,07/30/2018 12:00:00 AM
4,205,3,1,5,+,"1,091",07/30/2018 12:00:00 AM
4,205,3,1,10,+,1,07/30/2018 12:00:00 AM
4,205,3,1,15,-,3,07/30/2018 12:00:00 AM
4,205,3,2,5,+,"1,089",07/30/2018 12:00:00 AM
4,205,3,3,5,+,"10,212",07/30/2018 12:00:00 AM
4,205,4,1,5,+,651,07/30/2018 12:00:00 AM
4,205,4,1,10,+,1,07/30/2018 12:00:00 AM
4,205,4,1,15,-,1,07/30/2018 12:00:00 AM
4,205,4,2,5,+,651,07/30/2018 12:00:00 AM
4,205,4,3,5,+,"3,343",07/30/2018 12:00:00 AM
4,205,5,1,5,+,92,07/30/2018 12:00:00 AM
4,205,5,1,10,+,0,07/30/2018 12:00:00 AM
4,205,5,1,20,+,0,07/30/2018 12:00:00 AM
4,205,5,1,25,-,0,07/30/2018 12:00:00 AM
4,205,5,2,5,+,92,07/30/2018 12:00:00 AM
4,205,5,3,5,+,443,07/30/2018 12:00:00 AM
4,205,6,1,5,+,520,07/30/2018 12:00:00 AM
4,205,6,1,10,+,0,07/30/2018 12:00:00 AM
4,205,6,1,20,+,3,07/30/2018 12:00:00 AM
4,205,6,1,25,-,1,07/30/2018 12:00:00 AM
4,205,6,2,5,+,522,07/30/2018 12:00:00 AM
4,205,6,3,5,+,"4,498",07/30/2018 12:00:00 AM
4,205,7,1,5,+,"2,385",07/30/2018 12:00:00 AM
4,205,7,1,10,+,2,07/30/2018 12:00:00 AM
4,205,7,1,15,-,4,07/30/2018 12:00:00 AM
4,205,7,1,20,+,3,07/30/2018 12:00:00 AM
4,205,7,1,25,-,1,07/30/2018 12:00:00 AM
4,205,7,2,5,+,"2,385",07/30/2018 12:00:00 AM
4,205,7,3,5,+,"18,653",07/30/2018 12:00:00 AM
4,205,1,1,5,+,23,06/30/2018 12:00:00 AM
4,205,1,1,10,+,0,06/30/2018 12:00:00 AM
4,205,1,1,15,-,0,06/30/2018 12:00:00 AM
4,205,1,2,5,+,23,06/30/2018 12:00:00 AM
4,205,1,3,5,+,210,06/30/2018 12:00:00 AM
4,205,2,1,5,+,8,06/30/2018 12:00:00 AM
4,205,2,1,10,+,0,06/30/2018 12:00:00 AM
4,205,2,1,15,-,0,06/30/2018 12:00:00 AM
4,205,2,2,5,+,8,06/30/2018 12:00:00 AM
4,205,2,3,5,+,38,06/30/2018 12:00:00 AM
4,205,3,1,5,+,"1,092",06/30/2018 12:00:00 AM
4,205,3,1,10,+,1,06/30/2018 12:00:00 AM
4,205,3,1,15,-,2,06/30/2018 12:00:00 AM
4,205,3,2,5,+,"1,091",06/30/2018 12:00:00 AM
4,205,3,3,5,+,"15,879",06/30/2018 12:00:00 AM
4,205,4,1,5,+,650,06/30/2018 12:00:00 AM
4,205,4,1,10,+,1,06/30/2018 12:00:00 AM
4,205,4,1,15,-,0,06/30/2018 12:00:00 AM
4,205,4,2,5,+,651,06/30/2018 12:00:00 AM
4,205,4,3,5,+,"5,056",06/30/2018 12:00:00 AM
4,205,5,1,5,+,91,06/30/2018 12:00:00 AM
4,205,5,1,10,+,0,06/30/2018 12:00:00 AM
4,205,5,1,20,+,1,06/30/2018 12:00:00 AM
4,205,5,1,25,-,0,06/30/2018 12:00:00 AM
4,205,5,2,5,+,92,06/30/2018 12:00:00 AM
4,205,5,3,5,+,763,06/30/2018 12:00:00 AM
4,205,6,1,5,+,518,06/30/2018 12:00:00 AM
4,205,6,1,10,+,0,06/30/2018 12:00:00 AM
4,205,6,1,20,+,5,06/30/2018 12:00:00 AM
4,205,6,1,25,-,3,06/30/2018 12:00:00 AM
4,205,6,2,5,+,520,06/30/2018 12:00:00 AM
4,205,6,3,5,+,"7,711",06/30/2018 12:00:00 AM
4,205,7,1,5,+,"2,382",06/30/2018 12:00:00 AM
4,205,7,1,10,+,2,06/30/2018 12:00:00 AM
4,205,7,1,15,-,2,06/30/2018 12:00:00 AM
4,205,7,1,20,+,6,06/30/2018 12:00:00 AM
4,205,7,1,25,-,3,06/30/2018 12:00:00 AM
4,205,7,2,5,+,"2,385",06/30/2018 12:00:00 AM
4,205,7,3,5,+,"29,657",06/30/2018 12:00:00 AM
4,205,1,1,5,+,23,05/30/2018 12:00:00 AM
4,205,1,1,10,+,0,05/30/2018 12:00:00 AM
4,205,1,1,15,-,0,05/30/2018 12:00:00 AM
4,205,1,2,5,+,23,05/30/2018 12:00:00 AM
4,205,1,3,5,+,135,05/30/2018 12:00:00 AM
4,205,2,1,5,+,8,05/30/2018 12:00:00 AM
4,205,2,1,10,+,0,05/30/2018 12:00:00 AM
4,205,2,1,15,-,0,05/30/2018 12:00:00 AM
4,205,2,2,5,+,8,05/30/2018 12:00:00 AM
4,205,2,3,5,+,22,05/30/2018 12:00:00 AM
4,205,3,1,5,+,"1,096",05/30/2018 12:00:00 AM
4,205,3,1,10,+,0,05/30/2018 12:00:00 AM
4,205,3,1,15,-,4,05/30/2018 12:00:00 AM
4,205,3,2,5,+,"1,092",05/30/2018 12:00:00 AM
4,205,3,3,5,+,"10,246",05/30/2018 12:00:00 AM
4,205,4,1,5,+,648,05/30/2018 12:00:00 AM
4,205,4,1,10,+,2,05/30/2018 12:00:00 AM
4,205,4,1,15,-,0,05/30/2018 12:00:00 AM
4,205,4,2,5,+,650,05/30/2018 12:00:00 AM
4,205,4,3,5,+,"3,347",05/30/2018 12:00:00 AM
4,205,5,1,5,+,93,05/30/2018 12:00:00 AM
4,205,5,1,10,+,0,05/30/2018 12:00:00 AM
4,205,5,1,20,+,0,05/30/2018 12:00:00 AM
4,205,5,1,25,-,2,05/30/2018 12:00:00 AM
4,205,5,2,5,+,91,05/30/2018 12:00:00 AM
4,205,5,3,5,+,434,05/30/2018 12:00:00 AM
4,205,6,1,5,+,517,05/30/2018 12:00:00 AM
4,205,6,1,10,+,0,05/30/2018 12:00:00 AM
4,205,6,1,20,+,4,05/30/2018 12:00:00 AM
4,205,6,1,25,-,3,05/30/2018 12:00:00 AM
4,205,6,2,5,+,518,05/30/2018 12:00:00 AM
4,205,6,3,5,+,"4,434",05/30/2018 12:00:00 AM
4,205,7,1,5,+,"2,385",05/30/2018 12:00:00 AM
4,205,7,1,10,+,2,05/30/2018 12:00:00 AM
4,205,7,1,15,-,4,05/30/2018 12:00:00 AM
4,205,7,1,20,+,4,05/30/2018 12:00:00 AM
4,205,7,1,25,-,5,05/30/2018 12:00:00 AM
4,205,7,2,5,+,"2,382",05/30/2018 12:00:00 AM
4,205,7,3,5,+,"18,618",05/30/2018 12:00:00 AM
4,205,1,1,5,+,22,04/30/2018 12:00:00 AM
4,205,1,1,10,+,1,04/30/2018 12:00:00 AM
4,205,1,1,15,-,0,04/30/2018 12:00:00 AM
4,205,1,2,5,+,23,04/30/2018 12:00:00 AM
4,205,1,3,5,+,135,04/30/2018 12:00:00 AM
4,205,2,1,5,+,8,04/30/2018 12:00:00 AM
4,205,2,1,10,+,0,04/30/2018 12:00:00 AM
4,205,2,1,15,-,0,04/30/2018 12:00:00 AM
4,205,2,2,5,+,8,04/30/2018 12:00:00 AM
4,205,2,3,5,+,22,04/30/2018 12:00:00 AM
4,205,3,1,5,+,"1,098",04/30/2018 12:00:00 AM
4,205,3,1,10,+,2,04/30/2018 12:00:00 AM
4,205,3,1,15,-,4,04/30/2018 12:00:00 AM
4,205,3,2,5,+,"1,096",04/30/2018 12:00:00 AM
4,205,3,3,5,+,"10,269",04/30/2018 12:00:00 AM
4,205,4,1,5,+,648,04/30/2018 12:00:00 AM
4,205,4,1,10,+,1,04/30/2018 12:00:00 AM
4,205,4,1,15,-,1,04/30/2018 12:00:00 AM
4,205,4,2,5,+,648,04/30/2018 12:00:00 AM
4,205,4,3,5,+,"3,338",04/30/2018 12:00:00 AM
4,205,5,1,5,+,92,04/30/2018 12:00:00 AM
4,205,5,1,10,+,0,04/30/2018 12:00:00 AM
4,205,5,1,20,+,1,04/30/2018 12:00:00 AM
4,205,5,1,25,-,0,04/30/2018 12:00:00 AM
4,205,5,2,5,+,93,04/30/2018 12:00:00 AM
4,205,5,3,5,+,436,04/30/2018 12:00:00 AM
4,205,6,1,5,+,513,04/30/2018 12:00:00 AM
4,205,6,1,10,+,0,04/30/2018 12:00:00 AM
4,205,6,1,20,+,4,04/30/2018 12:00:00 AM
4,205,6,1,25,-,0,04/30/2018 12:00:00 AM
4,205,6,2,5,+,517,04/30/2018 12:00:00 AM
4,205,6,3,5,+,"4,457",04/30/2018 12:00:00 AM
4,205,7,1,5,+,"2,381",04/30/2018 12:00:00 AM
4,205,7,1,10,+,4,04/30/2018 12:00:00 AM
4,205,7,1,15,-,5,04/30/2018 12:00:00 AM
4,205,7,1,20,+,5,04/30/2018 12:00:00 AM
4,205,7,1,25,-,0,04/30/2018 12:00:00 AM
4,205,7,2,5,+,"2,385",04/30/2018 12:00:00 AM
4,205,7,3,5,+,"18,657",04/30/2018 12:00:00 AM
4,205,1,1,5,+,22,03/30/2018 12:00:00 AM
4,205,1,1,10,+,0,03/30/2018 12:00:00 AM
4,205,1,1,15,-,0,03/30/2018 12:00:00 AM
4,205,1,2,5,+,22,03/30/2018 12:00:00 AM
4,205,1,3,5,+,122,03/30/2018 12:00:00 AM
4,205,2,1,5,+,8,03/30/2018 12:00:00 AM
4,205,2,1,10,+,0,03/30/2018 12:00:00 AM
4,205,2,1,15,-,0,03/30/2018 12:00:00 AM
4,205,2,2,5,+,8,03/30/2018 12:00:00 AM
4,205,2,3,5,+,22,03/30/2018 12:00:00 AM
4,205,3,1,5,+,"1,105",03/30/2018 12:00:00 AM
4,205,3,1,10,+,0,03/30/2018 12:00:00 AM
4,205,3,1,15,-,7,03/30/2018 12:00:00 AM
4,205,3,2,5,+,"1,098",03/30/2018 12:00:00 AM
4,205,3,3,5,+,"10,272",03/30/2018 12:00:00 AM
4,205,4,1,5,+,647,03/30/2018 12:00:00 AM
4,205,4,1,10,+,1,03/30/2018 12:00:00 AM
4,205,4,1,15,-,0,03/30/2018 12:00:00 AM
4,205,4,2,5,+,648,03/30/2018 12:00:00 AM
4,205,4,3,5,+,"3,320",03/30/2018 12:00:00 AM
4,205,5,1,5,+,91,03/30/2018 12:00:00 AM
4,205,5,1,10,+,0,03/30/2018 12:00:00 AM
4,205,5,1,20,+,1,03/30/2018 12:00:00 AM
4,205,5,1,25,-,0,03/30/2018 12:00:00 AM
4,205,5,2,5,+,92,03/30/2018 12:00:00 AM
4,205,5,3,5,+,419,03/30/2018 12:00:00 AM
4,205,6,1,5,+,513,03/30/2018 12:00:00 AM
4,205,6,1,10,+,0,03/30/2018 12:00:00 AM
4,205,6,1,20,+,5,03/30/2018 12:00:00 AM
4,205,6,1,25,-,5,03/30/2018 12:00:00 AM
4,205,6,2,5,+,513,03/30/2018 12:00:00 AM
4,205,6,3,5,+,"4,452",03/30/2018 12:00:00 AM
4,205,7,1,5,+,"2,386",03/30/2018 12:00:00 AM
4,205,7,1,10,+,1,03/30/2018 12:00:00 AM
4,205,7,1,15,-,7,03/30/2018 12:00:00 AM
4,205,7,1,20,+,6,03/30/2018 12:00:00 AM
4,205,7,1,25,-,5,03/30/2018 12:00:00 AM
4,205,7,2,5,+,"2,381",03/30/2018 12:00:00 AM
4,205,7,3,5,+,"18,607",03/30/2018 12:00:00 AM
4,205,1,1,5,+,22,02/28/2018 12:00:00 AM
4,205,1,1,10,+,0,02/28/2018 12:00:00 AM
4,205,1,1,15,-,0,02/28/2018 12:00:00 AM
4,205,1,2,5,+,22,02/28/2018 12:00:00 AM
4,205,1,3,5,+,122,02/28/2018 12:00:00 AM
4,205,2,1,5,+,8,02/28/2018 12:00:00 AM
4,205,2,1,10,+,0,02/28/2018 12:00:00 AM
4,205,2,1,15,-,0,02/28/2018 12:00:00 AM
4,205,2,2,5,+,8,02/28/2018 12:00:00 AM
4,205,2,3,5,+,22,02/28/2018 12:00:00 AM
4,205,3,1,5,+,"1,107",02/28/2018 12:00:00 AM
4,205,3,1,10,+,3,02/28/2018 12:00:00 AM
4,205,3,1,15,-,5,02/28/2018 12:00:00 AM
4,205,3,2,5,+,"1,105",02/28/2018 12:00:00 AM
4,205,3,3,5,+,"10,252",02/28/2018 12:00:00 AM
4,205,4,1,5,+,646,02/28/2018 12:00:00 AM
4,205,4,1,10,+,1,02/28/2018 12:00:00 AM
4,205,4,1,15,-,0,02/28/2018 12:00:00 AM
4,205,4,2,5,+,647,02/28/2018 12:00:00 AM
4,205,4,3,5,+,"3,304",02/28/2018 12:00:00 AM
4,205,5,1,5,+,89,02/28/2018 12:00:00 AM
4,205,5,1,10,+,0,02/28/2018 12:00:00 AM
4,205,5,1,20,+,2,02/28/2018 12:00:00 AM
4,205,5,1,25,-,0,02/28/2018 12:00:00 AM
4,205,5,2,5,+,91,02/28/2018 12:00:00 AM
4,205,5,3,5,+,413,02/28/2018 12:00:00 AM
4,205,6,1,5,+,509,02/28/2018 12:00:00 AM
4,205,6,1,10,+,0,02/28/2018 12:00:00 AM
4,205,6,1,20,+,5,02/28/2018 12:00:00 AM
4,205,6,1,25,-,1,02/28/2018 12:00:00 AM
4,205,6,2,5,+,513,02/28/2018 12:00:00 AM
4,205,6,3,5,+,"4,391",02/28/2018 12:00:00 AM
4,205,7,1,5,+,"2,381",02/28/2018 12:00:00 AM
4,205,7,1,10,+,4,02/28/2018 12:00:00 AM
4,205,7,1,15,-,5,02/28/2018 12:00:00 AM
4,205,7,1,20,+,7,02/28/2018 12:00:00 AM
4,205,7,1,25,-,1,02/28/2018 12:00:00 AM
4,205,7,2,5,+,"2,386",02/28/2018 12:00:00 AM
4,205,7,3,5,+,"18,504",02/28/2018 12:00:00 AM
4,205,1,1,5,+,22,01/30/2018 12:00:00 AM
4,205,1,1,10,+,0,01/30/2018 12:00:00 AM
4,205,1,1,15,-,0,01/30/2018 12:00:00 AM
4,205,1,2,5,+,22,01/30/2018 12:00:00 AM
4,205,1,3,5,+,122,01/30/2018 12:00:00 AM
4,205,2,1,5,+,8,01/30/2018 12:00:00 AM
4,205,2,1,10,+,0,01/30/2018 12:00:00 AM
4,205,2,1,15,-,0,01/30/2018 12:00:00 AM
4,205,2,2,5,+,8,01/30/2018 12:00:00 AM
4,205,2,3,5,+,22,01/30/2018 12:00:00 AM
4,205,3,1,5,+,"1,109",01/30/2018 12:00:00 AM
4,205,3,1,10,+,1,01/30/2018 12:00:00 AM
4,205,3,1,15,-,3,01/30/2018 12:00:00 AM
4,205,3,2,5,+,"1,107",01/30/2018 12:00:00 AM
4,205,3,3,5,+,"10,267",01/30/2018 12:00:00 AM
4,205,4,1,5,+,647,01/30/2018 12:00:00 AM
4,205,4,1,10,+,0,01/30/2018 12:00:00 AM
4,205,4,1,15,-,1,01/30/2018 12:00:00 AM
4,205,4,2,5,+,646,01/30/2018 12:00:00 AM
4,205,4,3,5,+,"3,309",01/30/2018 12:00:00 AM
4,205,5,1,5,+,89,01/30/2018 12:00:00 AM
4,205,5,1,10,+,0,01/30/2018 12:00:00 AM
4,205,5,1,20,+,0,01/30/2018 12:00:00 AM
4,205,5,1,25,-,0,01/30/2018 12:00:00 AM
4,205,5,2,5,+,89,01/30/2018 12:00:00 AM
4,205,5,3,5,+,411,01/30/2018 12:00:00 AM
4,205,6,1,5,+,509,01/30/2018 12:00:00 AM
4,205,6,1,10,+,0,01/30/2018 12:00:00 AM
4,205,6,1,20,+,0,01/30/2018 12:00:00 AM
4,205,6,1,25,-,0,01/30/2018 12:00:00 AM
4,205,6,2,5,+,509,01/30/2018 12:00:00 AM
4,205,6,3,5,+,"4,372",01/30/2018 12:00:00 AM
4,205,7,1,5,+,"2,384",01/30/2018 12:00:00 AM
4,205,7,1,10,+,1,01/30/2018 12:00:00 AM
4,205,7,1,15,-,4,01/30/2018 12:00:00 AM
4,205,7,1,20,+,0,01/30/2018 12:00:00 AM
4,205,7,1,25,-,0,01/30/2018 12:00:00 AM
4,205,7,2,5,+,"2,381",01/30/2018 12:00:00 AM
4,205,7,3,5,+,"18,503",01/30/2018 12:00:00 AM
4,205,1,1,5,+,22,12/30/2017 12:00:00 AM
4,205,1,1,10,+,0,12/30/2017 12:00:00 AM
4,205,1,1,15,-,0,12/30/2017 12:00:00 AM
4,205,1,2,5,+,21,12/30/2017 12:00:00 AM
4,205,1,3,5,+,234,12/30/2017 12:00:00 AM
4,205,2,1,5,+,8,12/30/2017 12:00:00 AM
4,205,2,1,10,+,0,12/30/2017 12:00:00 AM
4,205,2,1,15,-,0,12/30/2017 12:00:00 AM
4,205,2,2,5,+,8,12/30/2017 12:00:00 AM
4,205,2,3,5,+,42,12/30/2017 12:00:00 AM
4,205,3,1,5,+,"1,113",12/30/2017 12:00:00 AM
4,205,3,1,10,+,1,12/30/2017 12:00:00 AM
4,205,3,1,15,-,5,12/30/2017 12:00:00 AM
4,205,3,2,5,+,"1,109",12/30/2017 12:00:00 AM
4,205,3,3,5,+,"19,745",12/30/2017 12:00:00 AM
4,205,4,1,5,+,647,12/30/2017 12:00:00 AM
4,205,4,1,10,+,0,12/30/2017 12:00:00 AM
4,205,4,1,15,-,0,12/30/2017 12:00:00 AM
4,205,4,2,5,+,647,12/30/2017 12:00:00 AM
4,205,4,3,5,+,"6,352",12/30/2017 12:00:00 AM
4,205,5,1,5,+,89,12/30/2017 12:00:00 AM
4,205,5,1,10,+,1,12/30/2017 12:00:00 AM
4,205,5,1,20,+,0,12/30/2017 12:00:00 AM
4,205,5,1,25,-,1,12/30/2017 12:00:00 AM
4,205,5,2,5,+,89,12/30/2017 12:00:00 AM
4,205,5,3,5,+,790,12/30/2017 12:00:00 AM
4,205,6,1,5,+,509,12/30/2017 12:00:00 AM
4,205,6,1,10,+,2,12/30/2017 12:00:00 AM
4,205,6,1,20,+,0,12/30/2017 12:00:00 AM
4,205,6,1,25,-,2,12/30/2017 12:00:00 AM
4,205,6,2,5,+,509,12/30/2017 12:00:00 AM
4,205,6,3,5,+,"8,431",12/30/2017 12:00:00 AM
4,205,7,1,5,+,"2,388",12/30/2017 12:00:00 AM
4,205,7,1,10,+,4,12/30/2017 12:00:00 AM
4,205,7,1,15,-,5,12/30/2017 12:00:00 AM
4,205,7,1,20,+,0,12/30/2017 12:00:00 AM
4,205,7,1,25,-,3,12/30/2017 12:00:00 AM
4,205,7,2,5,+,"2,384",12/30/2017 12:00:00 AM
4,205,7,3,5,+,"35,594",12/30/2017 12:00:00 AM
4,205,1,1,5,+,21,11/30/2017 12:00:00 AM
4,205,1,1,10,+,1,11/30/2017 12:00:00 AM
4,205,1,1,15,-,0,11/30/2017 12:00:00 AM
4,205,1,2,5,+,22,11/30/2017 12:00:00 AM
4,205,1,3,5,+,117,11/30/2017 12:00:00 AM
4,205,2,1,5,+,8,11/30/2017 12:00:00 AM
4,205,2,1,10,+,0,11/30/2017 12:00:00 AM
4,205,2,1,15,-,0,11/30/2017 12:00:00 AM
4,205,2,2,5,+,8,11/30/2017 12:00:00 AM
4,205,2,3,5,+,21,11/30/2017 12:00:00 AM
4,205,3,1,5,+,"1,116",11/30/2017 12:00:00 AM
4,205,3,1,10,+,0,11/30/2017 12:00:00 AM
4,205,3,1,15,-,3,11/30/2017 12:00:00 AM
4,205,3,2,5,+,"1,113",11/30/2017 12:00:00 AM
4,205,3,3,5,+,"9,907",11/30/2017 12:00:00 AM
4,205,4,1,5,+,647,11/30/2017 12:00:00 AM
4,205,4,1,10,+,0,11/30/2017 12:00:00 AM
4,205,4,1,15,-,0,11/30/2017 12:00:00 AM
4,205,4,2,5,+,647,11/30/2017 12:00:00 AM
4,205,4,3,5,+,"3,174",11/30/2017 12:00:00 AM
4,205,5,1,5,+,89,11/30/2017 12:00:00 AM
4,205,5,1,10,+,0,11/30/2017 12:00:00 AM
4,205,5,1,20,+,0,11/30/2017 12:00:00 AM
4,205,5,1,25,-,0,11/30/2017 12:00:00 AM
4,205,5,2,5,+,89,11/30/2017 12:00:00 AM
4,205,5,3,5,+,393,11/30/2017 12:00:00 AM
4,205,6,1,5,+,509,11/30/2017 12:00:00 AM
4,205,6,1,10,+,0,11/30/2017 12:00:00 AM
4,205,6,1,20,+,2,11/30/2017 12:00:00 AM
4,205,6,1,25,-,2,11/30/2017 12:00:00 AM
4,205,6,2,5,+,509,11/30/2017 12:00:00 AM
4,205,6,3,5,+,"4,211",11/30/2017 12:00:00 AM
4,205,7,1,5,+,"2,390",11/30/2017 12:00:00 AM
4,205,7,1,10,+,1,11/30/2017 12:00:00 AM
4,205,7,1,15,-,3,11/30/2017 12:00:00 AM
4,205,7,1,20,+,2,11/30/2017 12:00:00 AM
4,205,7,1,25,-,2,11/30/2017 12:00:00 AM
4,205,7,2,5,+,"2,388",11/30/2017 12:00:00 AM
4,205,7,3,5,+,"17,823",11/30/2017 12:00:00 AM
4,205,1,1,5,+,21,10/30/2017 12:00:00 AM
4,205,1,1,10,+,0,10/30/2017 12:00:00 AM
4,205,1,1,15,-,0,10/30/2017 12:00:00 AM
4,205,1,2,5,+,21,10/30/2017 12:00:00 AM
4,205,1,3,5,+,108,10/30/2017 12:00:00 AM
4,205,2,1,5,+,8,10/30/2017 12:00:00 AM
4,205,2,1,10,+,0,10/30/2017 12:00:00 AM
4,205,2,1,15,-,0,10/30/2017 12:00:00 AM
4,205,2,2,5,+,8,10/30/2017 12:00:00 AM
4,205,2,3,5,+,21,10/30/2017 12:00:00 AM
4,205,3,1,5,+,"1,117",10/30/2017 12:00:00 AM
4,205,3,1,10,+,2,10/30/2017 12:00:00 AM
4,205,3,1,15,-,3,10/30/2017 12:00:00 AM
4,205,3,2,5,+,"1,116",10/30/2017 12:00:00 AM
4,205,3,3,5,+,"9,958",10/30/2017 12:00:00 AM
4,205,4,1,5,+,646,10/30/2017 12:00:00 AM
4,205,4,1,10,+,1,10/30/2017 12:00:00 AM
4,205,4,1,15,-,0,10/30/2017 12:00:00 AM
4,205,4,2,5,+,647,10/30/2017 12:00:00 AM
4,205,4,3,5,+,"3,175",10/30/2017 12:00:00 AM
4,205,5,1,5,+,89,10/30/2017 12:00:00 AM
4,205,5,1,10,+,0,10/30/2017 12:00:00 AM
4,205,5,1,20,+,1,10/30/2017 12:00:00 AM
4,205,5,1,25,-,1,10/30/2017 12:00:00 AM
4,205,5,2,5,+,89,10/30/2017 12:00:00 AM
4,205,5,3,5,+,393,10/30/2017 12:00:00 AM
4,205,6,1,5,+,508,10/30/2017 12:00:00 AM
4,205,6,1,10,+,0,10/30/2017 12:00:00 AM
4,205,6,1,20,+,1,10/30/2017 12:00:00 AM
4,205,6,1,25,-,0,10/30/2017 12:00:00 AM
4,205,6,2,5,+,509,10/30/2017 12:00:00 AM
4,205,6,3,5,+,"4,202",10/30/2017 12:00:00 AM
4,205,7,1,5,+,"2,389",10/30/2017 12:00:00 AM
4,205,7,1,10,+,3,10/30/2017 12:00:00 AM
4,205,7,1,15,-,3,10/30/2017 12:00:00 AM
4,205,7,1,20,+,2,10/30/2017 12:00:00 AM
4,205,7,1,25,-,1,10/30/2017 12:00:00 AM
4,205,7,2,5,+,"2,390",10/30/2017 12:00:00 AM
4,205,7,3,5,+,"17,857",10/30/2017 12:00:00 AM
4,205,1,1,5,+,22,09/30/2017 12:00:00 AM
4,205,1,1,10,+,0,09/30/2017 12:00:00 AM
4,205,1,1,15,-,1,09/30/2017 12:00:00 AM
4,205,1,2,5,+,21,09/30/2017 12:00:00 AM
4,205,1,3,5,+,108,09/30/2017 12:00:00 AM
4,205,2,1,5,+,8,09/30/2017 12:00:00 AM
4,205,2,1,10,+,0,09/30/2017 12:00:00 AM
4,205,2,1,15,-,0,09/30/2017 12:00:00 AM
4,205,2,2,5,+,8,09/30/2017 12:00:00 AM
4,205,2,3,5,+,21,09/30/2017 12:00:00 AM
4,205,3,1,5,+,"1,121",09/30/2017 12:00:00 AM
4,205,3,1,10,+,0,09/30/2017 12:00:00 AM
4,205,3,1,15,-,4,09/30/2017 12:00:00 AM
4,205,3,2,5,+,"1,117",09/30/2017 12:00:00 AM
4,205,3,3,5,+,"9,964",09/30/2017 12:00:00 AM
4,205,4,1,5,+,647,09/30/2017 12:00:00 AM
4,205,4,1,10,+,0,09/30/2017 12:00:00 AM
4,205,4,1,15,-,1,09/30/2017 12:00:00 AM
4,205,4,2,5,+,646,09/30/2017 12:00:00 AM
4,205,4,3,5,+,"3,168",09/30/2017 12:00:00 AM
4,205,5,1,5,+,89,09/30/2017 12:00:00 AM
4,205,5,1,10,+,0,09/30/2017 12:00:00 AM
4,205,5,1,20,+,0,09/30/2017 12:00:00 AM
4,205,5,1,25,-,0,09/30/2017 12:00:00 AM
4,205,5,2,5,+,89,09/30/2017 12:00:00 AM
4,205,5,3,5,+,394,09/30/2017 12:00:00 AM
4,205,6,1,5,+,505,09/30/2017 12:00:00 AM
4,205,6,1,10,+,0,09/30/2017 12:00:00 AM
4,205,6,1,20,+,5,09/30/2017 12:00:00 AM
4,205,6,1,25,-,2,09/30/2017 12:00:00 AM
4,205,6,2,5,+,508,09/30/2017 12:00:00 AM
4,205,6,3,5,+,"4,191",09/30/2017 12:00:00 AM
4,205,7,1,5,+,"3,157",09/30/2017 12:00:00 AM
4,205,7,1,10,+,0,09/30/2017 12:00:00 AM
4,205,7,1,15,-,10,09/30/2017 12:00:00 AM
4,205,7,1,20,+,6,09/30/2017 12:00:00 AM
4,205,7,1,25,-,3,09/30/2017 12:00:00 AM
4,205,7,2,5,+,"3,150",09/30/2017 12:00:00 AM
4,205,7,3,5,+,"29,539",09/30/2017 12:00:00 AM
4,205,1,1,5,+,22,08/30/2017 12:00:00 AM
4,205,1,1,10,+,0,08/30/2017 12:00:00 AM
4,205,1,1,15,-,0,08/30/2017 12:00:00 AM
4,205,1,2,5,+,22,08/30/2017 12:00:00 AM
4,205,1,3,5,+,109,08/30/2017 12:00:00 AM
4,205,2,1,5,+,8,08/30/2017 12:00:00 AM
4,205,2,1,10,+,0,08/30/2017 12:00:00 AM
4,205,2,1,15,-,0,08/30/2017 12:00:00 AM
4,205,2,2,5,+,8,08/30/2017 12:00:00 AM
4,205,2,3,5,+,21,08/30/2017 12:00:00 AM
4,205,3,1,5,+,"1,126",08/30/2017 12:00:00 AM
4,205,3,1,10,+,0,08/30/2017 12:00:00 AM
4,205,3,1,15,-,1,08/30/2017 12:00:00 AM
4,205,3,2,5,+,"1,125",08/30/2017 12:00:00 AM
4,205,3,3,5,+,"10,104",08/30/2017 12:00:00 AM
4,205,4,1,5,+,649,08/30/2017 12:00:00 AM
4,205,4,1,10,+,0,08/30/2017 12:00:00 AM
4,205,4,1,15,-,1,08/30/2017 12:00:00 AM
4,205,4,2,5,+,648,08/30/2017 12:00:00 AM
4,205,4,3,5,+,"3,183",08/30/2017 12:00:00 AM
4,205,5,1,5,+,90,08/30/2017 12:00:00 AM
4,205,5,1,10,+,0,08/30/2017 12:00:00 AM
4,205,5,1,20,+,0,08/30/2017 12:00:00 AM
4,205,5,1,25,-,1,08/30/2017 12:00:00 AM
4,205,5,2,5,+,89,08/30/2017 12:00:00 AM
4,205,5,3,5,+,397,08/30/2017 12:00:00 AM
4,205,6,1,5,+,506,08/30/2017 12:00:00 AM
4,205,6,1,10,+,0,08/30/2017 12:00:00 AM
4,205,6,1,20,+,4,08/30/2017 12:00:00 AM
4,205,6,1,25,-,4,08/30/2017 12:00:00 AM
4,205,6,2,5,+,506,08/30/2017 12:00:00 AM
4,205,6,3,5,+,"4,218",08/30/2017 12:00:00 AM
4,205,7,1,5,+,"2,401",08/30/2017 12:00:00 AM
4,205,7,1,10,+,0,08/30/2017 12:00:00 AM
4,205,7,1,15,-,2,08/30/2017 12:00:00 AM
4,205,7,1,20,+,4,08/30/2017 12:00:00 AM
4,205,7,1,25,-,5,08/30/2017 12:00:00 AM
4,205,7,2,5,+,"2,398",08/30/2017 12:00:00 AM
4,205,7,3,5,+,"18,032",08/30/2017 12:00:00 AM
4,205,1,1,5,+,22,07/30/2017 12:00:00 AM
4,205,1,1,10,+,0,07/30/2017 12:00:00 AM
4,205,1,1,15,-,0,07/30/2017 12:00:00 AM
4,205,1,2,5,+,22,07/30/2017 12:00:00 AM
4,205,1,3,5,+,109,07/30/2017 12:00:00 AM
4,205,2,1,5,+,8,07/30/2017 12:00:00 AM
4,205,2,1,10,+,0,07/30/2017 12:00:00 AM
4,205,2,1,15,-,0,07/30/2017 12:00:00 AM
4,205,2,2,5,+,8,07/30/2017 12:00:00 AM
4,205,2,3,5,+,21,07/30/2017 12:00:00 AM
4,205,3,1,5,+,"1,126",07/30/2017 12:00:00 AM
4,205,3,1,10,+,0,07/30/2017 12:00:00 AM
4,205,3,1,15,-,1,07/30/2017 12:00:00 AM
4,205,3,2,5,+,"1,125",07/30/2017 12:00:00 AM
4,205,3,3,5,+,"10,104",07/30/2017 12:00:00 AM
4,205,4,1,5,+,649,07/30/2017 12:00:00 AM
4,205,4,1,10,+,0,07/30/2017 12:00:00 AM
4,205,4,1,15,-,1,07/30/2017 12:00:00 AM
4,205,4,2,5,+,648,07/30/2017 12:00:00 AM
4,205,4,3,5,+,"3,183",07/30/2017 12:00:00 AM
4,205,5,1,5,+,90,07/30/2017 12:00:00 AM
4,205,5,1,10,+,0,07/30/2017 12:00:00 AM
4,205,5,1,20,+,0,07/30/2017 12:00:00 AM
4,205,5,1,25,-,1,07/30/2017 12:00:00 AM
4,205,5,2,5,+,89,07/30/2017 12:00:00 AM
4,205,5,3,5,+,397,07/30/2017 12:00:00 AM
4,205,6,1,5,+,506,07/30/2017 12:00:00 AM
4,205,6,1,10,+,0,07/30/2017 12:00:00 AM
4,205,6,1,20,+,4,07/30/2017 12:00:00 AM
4,205,6,1,25,-,4,07/30/2017 12:00:00 AM
4,205,6,2,5,+,506,07/30/2017 12:00:00 AM
4,205,6,3,5,+,"4,218",07/30/2017 12:00:00 AM
4,205,7,1,5,+,"2,401",07/30/2017 12:00:00 AM
4,205,7,1,10,+,0,07/30/2017 12:00:00 AM
4,205,7,1,15,-,2,07/30/2017 12:00:00 AM
4,205,7,1,20,+,4,07/30/2017 12:00:00 AM
4,205,7,1,25,-,5,07/30/2017 12:00:00 AM
4,205,7,2,5,+,"2,398",07/30/2017 12:00:00 AM
4,205,7,3,5,+,"18,032",07/30/2017 12:00:00 AM
4,205,1,1,5,+,22,06/30/2017 12:00:00 AM
4,205,1,1,10,+,0,06/30/2017 12:00:00 AM
4,205,1,1,15,-,0,06/30/2017 12:00:00 AM
4,205,1,2,5,+,22,06/30/2017 12:00:00 AM
4,205,1,3,5,+,176,06/30/2017 12:00:00 AM
4,205,2,1,5,+,8,06/30/2017 12:00:00 AM
4,205,2,1,10,+,0,06/30/2017 12:00:00 AM
4,205,2,1,15,-,0,06/30/2017 12:00:00 AM
4,205,2,2,5,+,8,06/30/2017 12:00:00 AM
4,205,2,3,5,+,37,06/30/2017 12:00:00 AM
4,205,3,1,5,+,"1,129",06/30/2017 12:00:00 AM
4,205,3,1,10,+,0,06/30/2017 12:00:00 AM
4,205,3,1,15,-,3,06/30/2017 12:00:00 AM
4,205,3,2,5,+,"1,126",06/30/2017 12:00:00 AM
4,205,3,3,5,+,"15,752",06/30/2017 12:00:00 AM
4,205,4,1,5,+,649,06/30/2017 12:00:00 AM
4,205,4,1,10,+,0,06/30/2017 12:00:00 AM
4,205,4,1,15,-,0,06/30/2017 12:00:00 AM
4,205,4,2,5,+,649,06/30/2017 12:00:00 AM
4,205,4,3,5,+,"4,819",06/30/2017 12:00:00 AM
4,205,5,1,5,+,90,06/30/2017 12:00:00 AM
4,205,5,1,10,+,0,06/30/2017 12:00:00 AM
4,205,5,1,20,+,1,06/30/2017 12:00:00 AM
4,205,5,1,25,-,1,06/30/2017 12:00:00 AM
4,205,5,2,5,+,90,06/30/2017 12:00:00 AM
4,205,5,3,5,+,710,06/30/2017 12:00:00 AM
4,205,6,1,5,+,502,06/30/2017 12:00:00 AM
4,205,6,1,10,+,0,06/30/2017 12:00:00 AM
4,205,6,1,20,+,6,06/30/2017 12:00:00 AM
4,205,6,1,25,-,2,06/30/2017 12:00:00 AM
4,205,6,2,5,+,506,06/30/2017 12:00:00 AM
4,205,6,3,5,+,"7,202",06/30/2017 12:00:00 AM
4,205,7,1,5,+,"2,400",06/30/2017 12:00:00 AM
4,205,7,1,10,+,0,06/30/2017 12:00:00 AM
4,205,7,1,15,-,3,06/30/2017 12:00:00 AM
4,205,7,1,20,+,7,06/30/2017 12:00:00 AM
4,205,7,1,25,-,3,06/30/2017 12:00:00 AM
4,205,7,2,5,+,"2,401",06/30/2017 12:00:00 AM
4,205,7,3,5,+,"28,696",06/30/2017 12:00:00 AM
4,205,1,1,5,+,22,05/30/2017 12:00:00 AM
4,205,1,1,10,+,0,05/30/2017 12:00:00 AM
4,205,1,1,15,-,0,05/30/2017 12:00:00 AM
4,205,1,2,5,+,22,05/30/2017 12:00:00 AM
4,205,1,3,5,+,109,05/30/2017 12:00:00 AM
4,205,2,1,5,+,8,05/30/2017 12:00:00 AM
4,205,2,1,10,+,0,05/30/2017 12:00:00 AM
4,205,2,1,15,-,0,05/30/2017 12:00:00 AM
4,205,2,2,5,+,8,05/30/2017 12:00:00 AM
4,205,2,3,5,+,21,05/30/2017 12:00:00 AM
4,205,3,1,5,+,"1,137",05/30/2017 12:00:00 AM
4,205,3,1,10,+,0,05/30/2017 12:00:00 AM
4,205,3,1,15,-,8,05/30/2017 12:00:00 AM
4,205,3,2,5,+,"1,129",05/30/2017 12:00:00 AM
4,205,3,3,5,+,"10,144",05/30/2017 12:00:00 AM
4,205,4,1,5,+,650,05/30/2017 12:00:00 AM
4,205,4,1,10,+,1,05/30/2017 12:00:00 AM
4,205,4,1,15,-,2,05/30/2017 12:00:00 AM
4,205,4,2,5,+,649,05/30/2017 12:00:00 AM
4,205,4,3,5,+,"3,186",05/30/2017 12:00:00 AM
4,205,5,1,5,+,89,05/30/2017 12:00:00 AM
4,205,5,1,10,+,0,05/30/2017 12:00:00 AM
4,205,5,1,20,+,1,05/30/2017 12:00:00 AM
4,205,5,1,25,-,0,05/30/2017 12:00:00 AM
4,205,5,2,5,+,90,05/30/2017 12:00:00 AM
4,205,5,3,5,+,415,05/30/2017 12:00:00 AM
4,205,6,1,5,+,501,05/30/2017 12:00:00 AM
4,205,6,1,10,+,0,05/30/2017 12:00:00 AM
4,205,6,1,20,+,2,05/30/2017 12:00:00 AM
4,205,6,1,25,-,1,05/30/2017 12:00:00 AM
4,205,6,2,5,+,502,05/30/2017 12:00:00 AM
4,205,6,3,5,+,"4,148",05/30/2017 12:00:00 AM
4,205,7,1,5,+,"2,407",05/30/2017 12:00:00 AM
4,205,7,1,10,+,1,05/30/2017 12:00:00 AM
4,205,7,1,15,-,10,05/30/2017 12:00:00 AM
4,205,7,1,20,+,3,05/30/2017 12:00:00 AM
4,205,7,1,25,-,1,05/30/2017 12:00:00 AM
4,205,7,2,5,+,"2,400",05/30/2017 12:00:00 AM
4,205,7,3,5,+,"18,023",05/30/2017 12:00:00 AM
4,205,1,1,5,+,23,04/30/2017 12:00:00 AM
4,205,1,1,10,+,0,04/30/2017 12:00:00 AM
4,205,1,1,15,-,1,04/30/2017 12:00:00 AM
4,205,1,2,5,+,22,04/30/2017 12:00:00 AM
4,205,1,3,5,+,109,04/30/2017 12:00:00 AM
4,205,2,1,5,+,8,04/30/2017 12:00:00 AM
4,205,2,1,10,+,0,04/30/2017 12:00:00 AM
4,205,2,1,15,-,0,04/30/2017 12:00:00 AM
4,205,2,2,5,+,8,04/30/2017 12:00:00 AM
4,205,2,3,5,+,21,04/30/2017 12:00:00 AM
4,205,3,1,5,+,"1,136",04/30/2017 12:00:00 AM
4,205,3,1,10,+,1,04/30/2017 12:00:00 AM
4,205,3,1,15,-,0,04/30/2017 12:00:00 AM
4,205,3,2,5,+,"1,137",04/30/2017 12:00:00 AM
4,205,3,3,5,+,"10,200",04/30/2017 12:00:00 AM
4,205,4,1,5,+,648,04/30/2017 12:00:00 AM
4,205,4,1,10,+,2,04/30/2017 12:00:00 AM
4,205,4,1,15,-,0,04/30/2017 12:00:00 AM
4,205,4,2,5,+,650,04/30/2017 12:00:00 AM
4,205,4,3,5,+,"3,184",04/30/2017 12:00:00 AM
4,205,5,1,5,+,89,04/30/2017 12:00:00 AM
4,205,5,1,10,+,0,04/30/2017 12:00:00 AM
4,205,5,1,20,+,0,04/30/2017 12:00:00 AM
4,205,5,1,25,-,0,04/30/2017 12:00:00 AM
4,205,5,2,5,+,89,04/30/2017 12:00:00 AM
4,205,5,3,5,+,410,04/30/2017 12:00:00 AM
4,205,6,1,5,+,501,04/30/2017 12:00:00 AM
4,205,6,1,10,+,0,04/30/2017 12:00:00 AM
4,205,6,1,20,+,0,04/30/2017 12:00:00 AM
4,205,6,1,25,-,3,04/30/2017 12:00:00 AM
4,205,6,2,5,+,501,04/30/2017 12:00:00 AM
4,205,6,3,5,+,"4,156",04/30/2017 12:00:00 AM
4,205,7,1,5,+,"2,405",04/30/2017 12:00:00 AM
4,205,7,1,10,+,3,04/30/2017 12:00:00 AM
4,205,7,1,15,-,1,04/30/2017 12:00:00 AM
4,205,7,1,20,+,0,04/30/2017 12:00:00 AM
4,205,7,1,25,-,0,04/30/2017 12:00:00 AM
4,205,7,2,5,+,"2,407",04/30/2017 12:00:00 AM
4,205,7,3,5,+,"18,080",04/30/2017 12:00:00 AM
4,205,1,1,10,+,0,03/30/2017 12:00:00 AM
4,205,1,1,15,-,0,03/30/2017 12:00:00 AM
4,205,1,2,5,+,23,03/30/2017 12:00:00 AM
4,205,1,3,5,+,114,03/30/2017 12:00:00 AM
4,205,2,1,5,+,8,03/30/2017 12:00:00 AM
4,205,2,1,10,+,0,03/30/2017 12:00:00 AM
4,205,2,1,15,-,0,03/30/2017 12:00:00 AM
4,205,2,2,5,+,8,03/30/2017 12:00:00 AM
4,205,2,3,5,+,21,03/30/2017 12:00:00 AM
4,205,3,1,5,+,"1,137",03/30/2017 12:00:00 AM
4,205,3,1,10,+,1,03/30/2017 12:00:00 AM
4,205,3,1,15,-,2,03/30/2017 12:00:00 AM
4,205,3,2,5,+,"1,136",03/30/2017 12:00:00 AM
4,205,3,3,5,+,"10,195",03/30/2017 12:00:00 AM
4,205,4,1,5,+,649,03/30/2017 12:00:00 AM
4,205,4,1,10,+,0,03/30/2017 12:00:00 AM
4,205,4,1,15,-,1,03/30/2017 12:00:00 AM
4,205,4,2,5,+,648,03/30/2017 12:00:00 AM
4,205,4,3,5,+,"3,180",03/30/2017 12:00:00 AM
4,205,5,1,5,+,89,03/30/2017 12:00:00 AM
4,205,5,1,10,+,0,03/30/2017 12:00:00 AM
4,205,5,1,20,+,1,03/30/2017 12:00:00 AM
4,205,5,1,25,-,1,03/30/2017 12:00:00 AM
4,205,5,2,5,+,89,03/30/2017 12:00:00 AM
4,205,5,3,5,+,414,03/30/2017 12:00:00 AM
4,205,6,1,5,+,502,03/30/2017 12:00:00 AM
4,205,6,1,10,+,0,03/30/2017 12:00:00 AM
4,205,6,1,20,+,1,03/30/2017 12:00:00 AM
4,205,6,1,25,-,2,03/30/2017 12:00:00 AM
4,205,6,2,5,+,501,03/30/2017 12:00:00 AM
4,205,6,3,5,+,"4,159",03/30/2017 12:00:00 AM
4,205,7,1,5,+,"2,408",03/30/2017 12:00:00 AM
4,205,7,1,10,+,1,03/30/2017 12:00:00 AM
4,205,7,1,15,-,3,03/30/2017 12:00:00 AM
4,205,7,1,20,+,2,03/30/2017 12:00:00 AM
4,205,7,1,25,-,3,03/30/2017 12:00:00 AM
4,205,7,2,5,+,"2,405",03/30/2017 12:00:00 AM
4,205,7,3,5,+,"18,083",03/31/2017 12:00:00 AM
4,205,1,1,5,+,23,02/28/2017 12:00:00 AM
4,205,1,1,10,+,0,02/28/2017 12:00:00 AM
4,205,1,1,15,-,0,02/28/2017 12:00:00 AM
4,205,1,2,5,+,23,02/28/2017 12:00:00 AM
4,205,1,3,5,+,113,02/28/2017 12:00:00 AM
4,205,2,1,5,+,8,02/28/2017 12:00:00 AM
4,205,2,1,10,+,0,02/28/2017 12:00:00 AM
4,205,2,1,15,-,0,02/28/2017 12:00:00 AM
4,205,2,2,5,+,8,02/28/2017 12:00:00 AM
4,205,2,3,5,+,21,02/28/2017 12:00:00 AM
4,205,3,1,5,+,"1,138",02/28/2017 12:00:00 AM
4,205,3,1,10,+,1,02/28/2017 12:00:00 AM
4,205,3,1,15,-,2,02/28/2017 12:00:00 AM
4,205,3,2,5,+,"1,137",02/28/2017 12:00:00 AM
4,205,3,3,5,+,"10,130",02/28/2017 12:00:00 AM
4,205,4,1,5,+,649,02/28/2017 12:00:00 AM
4,205,4,1,10,+,1,02/28/2017 12:00:00 AM
4,205,4,1,15,-,1,02/28/2017 12:00:00 AM
4,205,4,2,5,+,649,02/28/2017 12:00:00 AM
4,205,4,3,5,+,"3,176",02/28/2017 12:00:00 AM
4,205,5,1,5,+,88,02/28/2017 12:00:00 AM
4,205,5,1,10,+,0,02/28/2017 12:00:00 AM
4,205,5,1,20,+,1,02/28/2017 12:00:00 AM
4,205,5,1,25,-,0,02/28/2017 12:00:00 AM
4,205,5,2,5,+,89,02/28/2017 12:00:00 AM
4,205,5,3,5,+,777,02/28/2017 12:00:00 AM
4,205,6,1,5,+,505,02/28/2017 12:00:00 AM
4,205,6,1,10,+,0,02/28/2017 12:00:00 AM
4,205,6,1,20,+,0,02/28/2017 12:00:00 AM
4,205,6,1,25,-,3,02/28/2017 12:00:00 AM
4,205,6,2,5,+,502,02/28/2017 12:00:00 AM
4,205,6,3,5,+,"4,160",02/28/2017 12:00:00 AM
4,205,7,1,5,+,"2,411",02/28/2017 12:00:00 AM
4,205,7,1,10,+,2,02/28/2017 12:00:00 AM
4,205,7,1,15,-,3,02/28/2017 12:00:00 AM
4,205,7,1,20,+,1,02/28/2017 12:00:00 AM
4,205,7,1,25,-,3,02/28/2017 12:00:00 AM
4,205,7,2,5,+,"2,408",02/28/2017 12:00:00 AM
4,205,7,3,5,+,"18,015",02/28/2017 12:00:00 AM
4,205,1,1,5,+,23,01/30/2017 12:00:00 AM
4,205,1,1,10,+,0,01/30/2017 12:00:00 AM
4,205,1,1,15,-,0,01/30/2017 12:00:00 AM
4,205,1,2,5,+,23,01/30/2017 12:00:00 AM
4,205,1,3,5,+,113,01/30/2017 12:00:00 AM
4,205,2,1,5,+,8,01/30/2017 12:00:00 AM
4,205,2,1,10,+,0,01/30/2017 12:00:00 AM
4,205,2,1,15,-,0,01/30/2017 12:00:00 AM
4,205,2,2,5,+,8,01/30/2017 12:00:00 AM
4,205,2,3,5,+,21,01/30/2017 12:00:00 AM
4,205,3,1,5,+,"1,142",01/30/2017 12:00:00 AM
4,205,3,1,10,+,1,01/30/2017 12:00:00 AM
4,205,3,1,15,-,5,01/30/2017 12:00:00 AM
4,205,3,2,5,+,"1,138",01/30/2017 12:00:00 AM
4,205,3,3,5,+,"10,140",01/30/2017 12:00:00 AM
4,205,4,1,5,+,650,01/30/2017 12:00:00 AM
4,205,4,1,10,+,0,01/30/2017 12:00:00 AM
4,205,4,1,15,-,1,01/30/2017 12:00:00 AM
4,205,4,2,5,+,649,01/30/2017 12:00:00 AM
4,205,4,3,5,+,"3,176",01/30/2017 12:00:00 AM
4,205,5,1,5,+,87,01/30/2017 12:00:00 AM
4,205,5,1,10,+,0,01/30/2017 12:00:00 AM
4,205,5,1,20,+,1,01/30/2017 12:00:00 AM
4,205,5,1,25,-,0,01/30/2017 12:00:00 AM
4,205,5,2,5,+,88,01/30/2017 12:00:00 AM
4,205,5,3,5,+,412,01/30/2017 12:00:00 AM
4,205,6,1,5,+,503,01/30/2017 12:00:00 AM
4,205,6,1,10,+,0,01/30/2017 12:00:00 AM
4,205,6,1,20,+,4,01/30/2017 12:00:00 AM
4,205,6,1,25,-,2,01/30/2017 12:00:00 AM
4,205,6,2,5,+,505,01/30/2017 12:00:00 AM
4,205,6,3,5,+,"4,178",01/30/2017 12:00:00 AM
4,205,7,1,5,+,"2,413",01/30/2017 12:00:00 AM
4,205,7,1,10,+,1,01/30/2017 12:00:00 AM
4,205,7,1,15,-,6,01/30/2017 12:00:00 AM
4,205,7,1,20,+,5,01/30/2017 12:00:00 AM
4,205,7,1,25,-,2,01/30/2017 12:00:00 AM
4,205,7,2,5,+,"2,411",01/30/2017 12:00:00 AM
4,205,7,3,5,+,"18,040",01/30/2017 12:00:00 AM
4,205,1,1,5,+,24,12/30/2016 12:00:00 AM
4,205,1,1,10,+,0,12/30/2016 12:00:00 AM
4,205,1,1,15,-,1,12/30/2016 12:00:00 AM
4,205,1,2,5,+,23,12/30/2016 12:00:00 AM
4,205,1,3,5,+,213,12/30/2016 12:00:00 AM
4,205,2,1,5,+,8,12/30/2016 12:00:00 AM
4,205,2,1,10,+,0,12/30/2016 12:00:00 AM
4,205,2,1,15,-,0,12/30/2016 12:00:00 AM
4,205,2,2,5,+,8,12/30/2016 12:00:00 AM
4,205,2,3,5,+,40,12/30/2016 12:00:00 AM
4,205,3,1,5,+,"1,143",12/30/2016 12:00:00 AM
4,205,3,1,10,+,1,12/30/2016 12:00:00 AM
4,205,3,1,15,+,2,12/30/2016 12:00:00 AM
4,205,3,2,5,+,"1,142",12/30/2016 12:00:00 AM
4,205,3,3,5,+,"19,281",12/30/2016 12:00:00 AM
4,205,4,1,5,+,650,12/30/2016 12:00:00 AM
4,205,4,1,10,+,1,12/30/2016 12:00:00 AM
4,205,4,1,15,-,0,12/30/2016 12:00:00 AM
4,205,4,2,5,+,650,12/30/2016 12:00:00 AM
4,205,4,3,5,+,"6,009",12/30/2016 12:00:00 AM
4,205,5,1,5,+,88,12/30/2016 12:00:00 AM
4,205,5,1,10,+,0,12/30/2016 12:00:00 AM
4,205,5,1,20,+,0,12/30/2016 12:00:00 AM
4,205,5,1,25,-,1,12/30/2016 12:00:00 AM
4,205,5,2,5,+,87,12/30/2016 12:00:00 AM
4,205,5,3,5,+,777,12/30/2016 12:00:00 AM
4,205,6,1,5,+,503,12/30/2016 12:00:00 AM
4,205,6,1,10,+,0,12/30/2016 12:00:00 AM
4,205,6,1,20,+,1,12/30/2016 12:00:00 AM
4,205,6,1,25,-,1,12/30/2016 12:00:00 AM
4,205,6,2,5,+,503,12/30/2016 12:00:00 AM
4,205,6,3,5,+,"7,891",12/30/2016 12:00:00 AM
4,205,7,1,5,+,"2,416",12/30/2016 12:00:00 AM
4,205,7,1,10,+,1,12/30/2016 12:00:00 AM
4,205,7,1,15,-,3,12/30/2016 12:00:00 AM
4,205,7,1,20,+,1,12/30/2016 12:00:00 AM
4,205,7,1,25,-,2,12/30/2016 12:00:00 AM
4,205,7,2,5,+,"2,413",12/30/2016 12:00:00 AM
4,205,7,3,5,+,"34,211",12/30/2016 12:00:00 AM
4,205,1,1,5,+,24,11/30/2016 12:00:00 AM
4,205,1,1,10,+,0,11/30/2016 12:00:00 AM
4,205,1,1,15,-,0,11/30/2016 12:00:00 AM
4,205,1,2,5,+,24,11/30/2016 12:00:00 AM
4,205,1,3,5,+,109,11/30/2016 12:00:00 AM
4,205,2,1,5,+,8,11/30/2016 12:00:00 AM
4,205,2,1,10,+,0,11/30/2016 12:00:00 AM
4,205,2,1,15,-,0,11/30/2016 12:00:00 AM
4,205,2,2,5,+,8,11/30/2016 12:00:00 AM
4,205,2,3,5,+,20,11/30/2016 12:00:00 AM
4,205,3,1,5,+,"1,143",11/30/2016 12:00:00 AM
4,205,3,1,10,+,1,11/30/2016 12:00:00 AM
4,205,3,1,15,+,1,11/30/2016 12:00:00 AM
4,205,3,2,5,+,"1,143",11/30/2016 12:00:00 AM
4,205,3,3,5,+,"9,652",11/30/2016 12:00:00 AM
4,205,4,1,5,+,649,11/30/2016 12:00:00 AM
4,205,4,1,10,+,1,11/30/2016 12:00:00 AM
4,205,4,1,15,-,0,11/30/2016 12:00:00 AM
4,205,4,2,5,+,650,11/30/2016 12:00:00 AM
4,205,4,3,5,+,"3,005",11/30/2016 12:00:00 AM
4,205,5,1,5,+,87,11/30/2016 12:00:00 AM
4,205,5,1,10,+,0,11/30/2016 12:00:00 AM
4,205,5,1,20,+,0,11/30/2016 12:00:00 AM
4,205,5,1,25,-,1,11/30/2016 12:00:00 AM
4,205,5,2,5,+,88,11/30/2016 12:00:00 AM
4,205,5,3,5,+,389,11/30/2016 12:00:00 AM
4,205,6,1,5,+,503,11/30/2016 12:00:00 AM
4,205,6,1,10,+,0,11/30/2016 12:00:00 AM
4,205,6,1,20,+,3,11/30/2016 12:00:00 AM
4,205,6,1,25,-,3,11/30/2016 12:00:00 AM
4,205,6,2,5,+,503,11/30/2016 12:00:00 AM
4,205,6,3,5,+,"3,949",11/30/2016 12:00:00 AM
4,205,7,1,5,+,"2,414",11/30/2016 12:00:00 AM
4,205,7,1,10,+,2,11/30/2016 12:00:00 AM
4,205,7,1,15,-,1,11/30/2016 12:00:00 AM
4,205,7,1,20,+,4,11/30/2016 12:00:00 AM
4,205,7,1,25,-,3,11/30/2016 12:00:00 AM
4,205,7,2,5,+,"2,416",11/30/2016 12:00:00 AM
4,205,7,3,5,+,"17,124",11/30/2016 12:00:00 AM
4,205,1,1,5,+,24,10/30/2016 12:00:00 AM
4,205,1,1,10,+,1,10/30/2016 12:00:00 AM
4,205,1,1,15,-,0,10/30/2016 12:00:00 AM
4,205,1,2,5,+,25,10/30/2016 12:00:00 AM
4,205,1,3,5,+,110,10/30/2016 12:00:00 AM
4,205,2,1,5,+,8,10/30/2016 12:00:00 AM
4,205,2,1,10,+,0,10/30/2016 12:00:00 AM
4,205,2,1,15,-,0,10/30/2016 12:00:00 AM
4,205,2,2,5,+,8,10/30/2016 12:00:00 AM
4,205,2,3,5,+,20,10/30/2016 12:00:00 AM
4,205,3,1,5,+,"1,144",10/30/2016 12:00:00 AM
4,205,3,1,10,+,1,10/30/2016 12:00:00 AM
4,205,3,1,15,+,2,10/30/2016 12:00:00 AM
4,205,3,2,5,+,"1,143",10/30/2016 12:00:00 AM
4,205,3,3,5,+,"9,685",10/30/2016 12:00:00 AM
4,205,4,1,5,+,647,10/30/2016 12:00:00 AM
4,205,4,1,10,+,0,10/30/2016 12:00:00 AM
4,205,4,1,15,-,0,10/30/2016 12:00:00 AM
4,205,4,2,5,+,647,10/30/2016 12:00:00 AM
4,205,4,3,5,+,"2,980",10/30/2016 12:00:00 AM
4,205,5,1,5,+,88,10/30/2016 12:00:00 AM
4,205,5,1,10,+,0,10/30/2016 12:00:00 AM
4,205,5,1,20,+,0,10/30/2016 12:00:00 AM
4,205,5,1,25,-,1,10/30/2016 12:00:00 AM
4,205,5,2,5,+,87,10/30/2016 12:00:00 AM
4,205,5,3,5,+,383,10/30/2016 12:00:00 AM
4,205,6,1,5,+,498,10/30/2016 12:00:00 AM
4,205,6,1,10,+,0,10/30/2016 12:00:00 AM
4,205,6,1,20,+,4,10/30/2016 12:00:00 AM
4,205,6,1,25,-,2,10/30/2016 12:00:00 AM
4,205,6,2,5,+,500,10/30/2016 12:00:00 AM
4,205,6,3,5,+,"3,987",10/30/2016 12:00:00 AM
4,205,7,1,5,+,"2,409",10/30/2016 12:00:00 AM
4,205,7,1,10,+,2,10/30/2016 12:00:00 AM
4,205,7,1,15,-,2,10/30/2016 12:00:00 AM
4,205,7,1,20,+,4,10/30/2016 12:00:00 AM
4,205,7,1,25,-,3,10/30/2016 12:00:00 AM
4,205,7,2,5,+,"2,410",10/30/2016 12:00:00 AM
4,205,7,3,5,+,"17,165",10/30/2016 12:00:00 AM
4,205,1,1,5,+,24,09/30/2016 12:00:00 AM
4,205,1,1,10,+,1,09/30/2016 12:00:00 AM
4,205,1,1,15,-,0,09/30/2016 12:00:00 AM
4,205,1,2,5,+,25,09/30/2016 12:00:00 AM
4,205,1,3,5,+,110,09/30/2016 12:00:00 AM
4,205,2,1,5,+,8,09/30/2016 12:00:00 AM
4,205,2,1,10,+,0,09/30/2016 12:00:00 AM
4,205,2,1,15,-,0,09/30/2016 12:00:00 AM
4,205,2,2,5,+,8,09/30/2016 12:00:00 AM
4,205,2,3,5,+,20,09/30/2016 12:00:00 AM
4,205,3,1,5,+,"1,144",09/30/2016 12:00:00 AM
4,205,3,1,10,+,1,09/30/2016 12:00:00 AM
4,205,3,1,15,+,2,09/30/2016 12:00:00 AM
4,205,3,2,5,+,"1,143",09/30/2016 12:00:00 AM
4,205,3,3,5,+,"9,685",09/30/2016 12:00:00 AM
4,205,4,1,5,+,647,09/30/2016 12:00:00 AM
4,205,4,1,10,+,0,09/30/2016 12:00:00 AM
4,205,4,1,15,-,0,09/30/2016 12:00:00 AM
4,205,4,2,5,+,647,09/30/2016 12:00:00 AM
4,205,4,3,5,+,"2,980",09/30/2016 12:00:00 AM
4,205,5,1,5,+,88,09/30/2016 12:00:00 AM
4,205,5,1,10,+,0,09/30/2016 12:00:00 AM
4,205,5,1,20,+,0,09/30/2016 12:00:00 AM
4,205,5,1,25,-,1,09/30/2016 12:00:00 AM
4,205,5,2,5,+,87,09/30/2016 12:00:00 AM
4,205,5,3,5,+,383,09/30/2016 12:00:00 AM
4,205,6,1,5,+,498,09/30/2016 12:00:00 AM
4,205,6,1,10,+,0,09/30/2016 12:00:00 AM
4,205,6,1,20,+,4,09/30/2016 12:00:00 AM
4,205,6,1,25,-,2,09/30/2016 12:00:00 AM
4,205,6,2,5,+,500,09/30/2016 12:00:00 AM
4,205,6,3,5,+,"3,987",09/30/2016 12:00:00 AM
4,205,7,1,5,+,"2,409",09/30/2016 12:00:00 AM
4,205,7,1,10,+,2,09/30/2016 12:00:00 AM
4,205,7,1,15,-,2,09/30/2016 12:00:00 AM
4,205,7,1,20,+,4,09/30/2016 12:00:00 AM
4,205,7,1,25,-,3,09/30/2016 12:00:00 AM
4,205,7,2,5,+,"2,410",09/30/2016 12:00:00 AM
4,205,7,3,5,+,"17,165",09/30/2016 12:00:00 AM
4,205,1,1,5,+,24,08/30/2016 12:00:00 AM
4,205,1,1,10,+,0,08/30/2016 12:00:00 AM
4,205,1,1,15,-,0,08/30/2016 12:00:00 AM
4,205,1,2,5,+,24,08/30/2016 12:00:00 AM
4,205,1,3,5,+,109,08/30/2016 12:00:00 AM
4,205,2,1,5,+,8,08/30/2016 12:00:00 AM
4,205,2,1,10,+,0,08/30/2016 12:00:00 AM
4,205,2,1,15,-,0,08/30/2016 12:00:00 AM
4,205,2,2,5,+,8,08/30/2016 12:00:00 AM
4,205,2,3,5,+,20,08/30/2016 12:00:00 AM
4,205,3,1,5,+,"1,147",08/30/2016 12:00:00 AM
4,205,3,1,10,+,1,08/30/2016 12:00:00 AM
4,205,3,1,15,-,4,08/30/2016 12:00:00 AM
4,205,3,2,5,+,"1,144",08/30/2016 12:00:00 AM
4,205,3,3,5,+,"9,715",08/30/2016 12:00:00 AM
4,205,4,1,5,+,648,08/30/2016 12:00:00 AM
4,205,4,1,10,+,1,08/30/2016 12:00:00 AM
4,205,4,1,15,-,2,08/30/2016 12:00:00 AM
4,205,4,2,5,+,647,08/30/2016 12:00:00 AM
4,205,4,3,5,+,"2,974",08/30/2016 12:00:00 AM
4,205,5,1,5,+,89,08/30/2016 12:00:00 AM
4,205,5,1,10,+,0,08/30/2016 12:00:00 AM
4,205,5,1,20,+,0,08/30/2016 12:00:00 AM
4,205,5,1,25,-,1,08/30/2016 12:00:00 AM
4,205,5,2,5,+,88,08/30/2016 12:00:00 AM
4,205,5,3,5,+,400,08/30/2016 12:00:00 AM
4,205,6,1,5,+,493,08/30/2016 12:00:00 AM
4,205,6,1,10,+,0,08/30/2016 12:00:00 AM
4,205,6,1,20,+,7,08/30/2016 12:00:00 AM
4,205,6,1,25,-,2,08/30/2016 12:00:00 AM
4,205,6,2,5,+,498,08/30/2016 12:00:00 AM
4,205,6,3,5,+,"3,957",08/30/2016 12:00:00 AM
4,205,7,1,5,+,"2,409",08/30/2016 12:00:00 AM
4,205,7,1,10,+,2,08/30/2016 12:00:00 AM
4,205,7,1,15,-,6,08/30/2016 12:00:00 AM
4,205,7,1,20,+,7,08/30/2016 12:00:00 AM
4,205,7,1,25,-,3,08/30/2016 12:00:00 AM
4,205,7,2,5,+,"2,409",08/30/2016 12:00:00 AM
4,205,7,3,5,+,"17,175",08/30/2016 12:00:00 AM
4,205,1,1,5,+,25,07/30/2016 12:00:00 AM
4,205,1,1,10,+,0,07/30/2016 12:00:00 AM
4,205,1,1,15,-,1,07/30/2016 12:00:00 AM
4,205,1,2,5,+,24,07/30/2016 12:00:00 AM
4,205,1,3,5,+,109,07/30/2016 12:00:00 AM
4,205,2,1,5,+,8,07/30/2016 12:00:00 AM
4,205,2,1,10,+,0,07/30/2016 12:00:00 AM
4,205,2,1,15,-,0,07/30/2016 12:00:00 AM
4,205,2,2,5,+,8,07/30/2016 12:00:00 AM
4,205,2,3,5,+,20,07/30/2016 12:00:00 AM
4,205,3,1,5,+,"1,148",07/30/2016 12:00:00 AM
4,205,3,1,10,+,0,07/30/2016 12:00:00 AM
4,205,3,1,15,-,1,07/30/2016 12:00:00 AM
4,205,3,2,5,+,"1,147",07/30/2016 12:00:00 AM
4,205,3,3,5,+,"9,731",07/30/2016 12:00:00 AM
4,205,4,1,5,+,649,07/30/2016 12:00:00 AM
4,205,4,1,10,+,2,07/30/2016 12:00:00 AM
4,205,4,1,15,-,3,07/30/2016 12:00:00 AM
4,205,4,2,5,+,648,07/30/2016 12:00:00 AM
4,205,4,3,5,+,"2,974",07/30/2016 12:00:00 AM
4,205,5,1,5,+,87,07/30/2016 12:00:00 AM
4,205,5,1,10,+,0,07/30/2016 12:00:00 AM
4,205,5,1,20,+,2,07/30/2016 12:00:00 AM
4,205,5,1,25,-,0,07/30/2016 12:00:00 AM
4,205,5,2,5,+,89,07/30/2016 12:00:00 AM
4,205,5,3,5,+,403,07/30/2016 12:00:00 AM
4,205,6,1,5,+,491,07/30/2016 12:00:00 AM
4,205,6,1,10,+,0,07/30/2016 12:00:00 AM
4,205,6,1,20,+,5,07/30/2016 12:00:00 AM
4,205,6,1,25,-,3,07/30/2016 12:00:00 AM
4,205,6,2,5,+,493,07/30/2016 12:00:00 AM
4,205,6,3,5,+,"3,900",07/30/2016 12:00:00 AM
4,205,7,1,5,+,"2,408",07/30/2016 12:00:00 AM
4,205,7,1,10,+,2,07/30/2016 12:00:00 AM
4,205,7,1,15,-,5,07/30/2016 12:00:00 AM
4,205,7,1,20,+,7,07/30/2016 12:00:00 AM
4,205,7,1,25,-,3,07/30/2016 12:00:00 AM
4,205,7,2,5,+,"2,409",07/30/2016 12:00:00 AM
4,205,7,3,5,+,"17,137",07/30/2016 12:00:00 AM
4,205,1,1,5,+,25,06/30/2016 12:00:00 AM
4,205,1,1,10,+,0,06/30/2016 12:00:00 AM
4,205,1,1,15,-,0,06/30/2016 12:00:00 AM
4,205,1,2,5,+,25,06/30/2016 12:00:00 AM
4,205,1,3,5,+,182,06/30/2016 12:00:00 AM
4,205,2,1,5,+,8,06/30/2016 12:00:00 AM
4,205,2,1,10,+,0,06/30/2016 12:00:00 AM
4,205,2,1,15,-,0,06/30/2016 12:00:00 AM
4,205,2,2,5,+,8,06/30/2016 12:00:00 AM
4,205,2,3,5,+,35,06/30/2016 12:00:00 AM
4,205,3,1,5,+,"1,148",06/30/2016 12:00:00 AM
4,205,3,1,10,+,2,06/30/2016 12:00:00 AM
4,205,3,1,15,-,2,06/30/2016 12:00:00 AM
4,205,3,2,5,+,"1,148",06/30/2016 12:00:00 AM
4,205,3,3,5,+,"15,192",06/30/2016 12:00:00 AM
4,205,4,1,5,+,648,06/30/2016 12:00:00 AM
4,205,4,1,10,+,2,06/30/2016 12:00:00 AM
4,205,4,1,15,-,1,06/30/2016 12:00:00 AM
4,205,4,2,5,+,649,06/30/2016 12:00:00 AM
4,205,4,3,5,+,"4,541",06/30/2016 12:00:00 AM
4,205,5,1,5,+,87,06/30/2016 12:00:00 AM
4,205,5,1,10,+,0,06/30/2016 12:00:00 AM
4,205,5,1,20,+,0,06/30/2016 12:00:00 AM
4,205,5,1,25,-,0,06/30/2016 12:00:00 AM
4,205,5,2,5,+,87,06/30/2016 12:00:00 AM
4,205,5,3,5,+,688,06/30/2016 12:00:00 AM
4,205,6,1,5,+,490,06/30/2016 12:00:00 AM
4,205,6,1,10,+,0,06/30/2016 12:00:00 AM
4,205,6,1,20,+,3,06/30/2016 12:00:00 AM
4,205,6,1,25,-,2,06/30/2016 12:00:00 AM
4,205,6,2,5,+,491,06/30/2016 12:00:00 AM
4,205,6,3,5,+,"6,760",06/30/2016 12:00:00 AM
4,205,7,1,5,+,"2,406",06/30/2016 12:00:00 AM
4,205,7,1,10,+,4,06/30/2016 12:00:00 AM
4,205,7,1,15,-,3,06/30/2016 12:00:00 AM
4,205,7,1,20,+,3,06/30/2016 12:00:00 AM
4,205,7,1,25,-,2,06/30/2016 12:00:00 AM
4,205,7,2,5,+,"2,408",06/30/2016 12:00:00 AM
4,205,7,3,5,+,"27,398",06/30/2016 12:00:00 AM
4,205,1,1,5,+,25,05/30/2016 12:00:00 AM
4,205,1,1,10,+,0,05/30/2016 12:00:00 AM
4,205,1,1,15,-,0,05/30/2016 12:00:00 AM
4,205,1,2,5,+,25,05/30/2016 12:00:00 AM
4,205,1,3,5,+,113,05/30/2016 12:00:00 AM
4,205,2,1,5,+,8,05/30/2016 12:00:00 AM
4,205,2,1,10,+,0,05/30/2016 12:00:00 AM
4,205,2,1,15,-,0,05/30/2016 12:00:00 AM
4,205,2,2,5,+,8,05/30/2016 12:00:00 AM
4,205,2,3,5,+,20,05/30/2016 12:00:00 AM
4,205,3,1,5,+,"1,149",05/30/2016 12:00:00 AM
4,205,3,1,10,+,0,05/30/2016 12:00:00 AM
4,205,3,1,15,-,1,05/30/2016 12:00:00 AM
4,205,3,2,5,+,"1,148",05/30/2016 12:00:00 AM
4,205,3,3,5,+,"9,739",05/30/2016 12:00:00 AM
4,205,4,1,5,+,648,05/30/2016 12:00:00 AM
4,205,4,1,10,+,0,05/30/2016 12:00:00 AM
4,205,4,1,15,-,0,05/30/2016 12:00:00 AM
4,205,4,2,5,+,648,05/30/2016 12:00:00 AM
4,205,4,3,5,+,"1,359",05/30/2016 12:00:00 AM
4,205,5,1,5,+,87,05/30/2016 12:00:00 AM
4,205,5,1,10,+,0,05/30/2016 12:00:00 AM
4,205,5,1,20,+,1,05/30/2016 12:00:00 AM
4,205,5,1,25,-,1,05/30/2016 12:00:00 AM
4,205,5,2,5,+,87,05/30/2016 12:00:00 AM
4,205,5,3,5,+,402,05/30/2016 12:00:00 AM
4,205,6,1,5,+,489,05/30/2016 12:00:00 AM
4,205,6,1,10,+,0,05/30/2016 12:00:00 AM
4,205,6,1,20,+,1,05/30/2016 12:00:00 AM
4,205,6,1,25,-,0,05/30/2016 12:00:00 AM
4,205,6,2,5,+,490,05/30/2016 12:00:00 AM
4,205,6,3,5,+,"3,941",05/30/2016 12:00:00 AM
4,205,7,1,5,+,"2,406",05/30/2016 12:00:00 AM
4,205,7,1,10,+,0,05/30/2016 12:00:00 AM
4,205,7,1,15,-,1,05/30/2016 12:00:00 AM
4,205,7,1,20,+,2,05/30/2016 12:00:00 AM
4,205,7,1,25,-,1,05/30/2016 12:00:00 AM
4,205,7,2,5,+,"2,406",05/30/2016 12:00:00 AM
4,205,7,3,5,+,"17,182",05/30/2016 12:00:00 AM
4,205,1,1,5,+,25,04/30/2016 12:00:00 AM
4,205,1,1,10,+,0,04/30/2016 12:00:00 AM
4,205,1,1,15,-,0,04/30/2016 12:00:00 AM
4,205,1,2,5,+,25,04/30/2016 12:00:00 AM
4,205,1,3,5,+,113,04/30/2016 12:00:00 AM
4,205,2,1,5,+,8,04/30/2016 12:00:00 AM
4,205,2,1,10,+,0,04/30/2016 12:00:00 AM
4,205,2,1,15,-,0,04/30/2016 12:00:00 AM
4,205,2,2,5,+,8,04/30/2016 12:00:00 AM
4,205,2,3,5,+,20,04/30/2016 12:00:00 AM
4,205,3,1,5,+,"1,154",04/30/2016 12:00:00 AM
4,205,3,1,10,+,0,04/30/2016 12:00:00 AM
4,205,3,1,15,-,5,04/30/2016 12:00:00 AM
4,205,3,2,5,+,"1,149",04/30/2016 12:00:00 AM
4,205,3,3,5,+,"9,744",04/30/2016 12:00:00 AM
4,205,4,1,5,+,648,04/30/2016 12:00:00 AM
4,205,4,1,10,+,1,04/30/2016 12:00:00 AM
4,205,4,1,15,-,1,04/30/2016 12:00:00 AM
4,205,4,2,5,+,648,04/30/2016 12:00:00 AM
4,205,4,3,5,+,"2,975",04/30/2016 12:00:00 AM
4,205,5,1,5,+,87,04/30/2016 12:00:00 AM
4,205,5,1,10,+,0,04/30/2016 12:00:00 AM
4,205,5,1,20,+,0,04/30/2016 12:00:00 AM
4,205,5,1,25,-,0,04/30/2016 12:00:00 AM
4,205,5,2,5,+,87,04/30/2016 12:00:00 AM
4,205,5,3,5,+,405,04/30/2016 12:00:00 AM
4,205,6,1,5,+,490,04/30/2016 12:00:00 AM
4,205,6,1,10,+,0,04/30/2016 12:00:00 AM
4,205,6,1,20,+,0,04/30/2016 12:00:00 AM
4,205,6,1,25,-,1,04/30/2016 12:00:00 AM
4,205,6,2,5,+,489,04/30/2016 12:00:00 AM
4,205,6,3,5,+,"3,932",04/30/2016 12:00:00 AM
4,205,7,1,5,+,"2,412",04/30/2016 12:00:00 AM
4,205,7,1,10,+,1,04/30/2016 12:00:00 AM
4,205,7,1,15,-,6,04/30/2016 12:00:00 AM
4,205,7,1,20,+,0,04/30/2016 12:00:00 AM
4,205,7,1,25,-,1,04/30/2016 12:00:00 AM
4,205,7,2,5,+,"2,406",04/30/2016 12:00:00 AM
4,205,7,3,5,+,"17,189",04/30/2016 12:00:00 AM
4,205,1,1,5,+,26,03/30/2016 12:00:00 AM
4,205,1,1,10,+,0,03/30/2016 12:00:00 AM
4,205,1,1,15,-,1,03/30/2016 12:00:00 AM
4,205,1,2,5,+,25,03/30/2016 12:00:00 AM
4,205,1,3,5,+,113,03/30/2016 12:00:00 AM
4,205,2,1,5,+,8,03/30/2016 12:00:00 AM
4,205,2,1,10,+,0,03/30/2016 12:00:00 AM
4,205,2,1,15,-,0,03/30/2016 12:00:00 AM
4,205,2,2,5,+,8,03/30/2016 12:00:00 AM
4,205,2,3,5,+,20,03/30/2016 12:00:00 AM
4,205,3,1,5,+,"1,153",03/30/2016 12:00:00 AM
4,205,3,1,10,+,2,03/30/2016 12:00:00 AM
4,205,3,1,15,-,1,03/30/2016 12:00:00 AM
4,205,3,2,5,+,"1,154",03/30/2016 12:00:00 AM
4,205,3,3,5,+,"9,808",03/30/2016 12:00:00 AM
4,205,4,1,5,+,648,03/30/2016 12:00:00 AM
4,205,4,1,10,+,1,03/30/2016 12:00:00 AM
4,205,4,1,15,-,1,03/30/2016 12:00:00 AM
4,205,4,2,5,+,648,03/30/2016 12:00:00 AM
4,205,4,3,5,+,"2,972",03/30/2016 12:00:00 AM
4,205,5,1,5,+,88,03/30/2016 12:00:00 AM
4,205,5,1,10,+,0,03/30/2016 12:00:00 AM
4,205,5,1,20,+,0,03/30/2016 12:00:00 AM
4,205,5,1,25,-,1,03/30/2016 12:00:00 AM
4,205,5,2,5,+,87,03/30/2016 12:00:00 AM
4,205,5,3,5,+,405,03/30/2016 12:00:00 AM
4,205,6,1,5,+,492,03/30/2016 12:00:00 AM
4,205,6,1,10,+,0,03/30/2016 12:00:00 AM
4,205,6,1,20,+,2,03/30/2016 12:00:00 AM
4,205,6,1,25,-,4,03/30/2016 12:00:00 AM
4,205,6,2,5,+,490,03/30/2016 12:00:00 AM
4,205,6,3,5,+,"3,940",03/30/2016 12:00:00 AM
4,205,7,1,5,+,"2,415",03/30/2016 12:00:00 AM
4,205,7,1,10,+,3,03/30/2016 12:00:00 AM
4,205,7,1,15,-,3,03/30/2016 12:00:00 AM
4,205,7,1,20,+,2,03/30/2016 12:00:00 AM
4,205,7,1,25,-,5,03/30/2016 12:00:00 AM
4,205,7,2,5,+,"2,412",03/30/2016 12:00:00 AM
4,205,7,3,5,+,"17,258",03/30/2016 12:00:00 AM
4,205,1,1,5,+,26,02/29/2016 12:00:00 AM
4,205,1,1,10,+,0,02/29/2016 12:00:00 AM
4,205,1,1,15,-,0,02/29/2016 12:00:00 AM
4,205,1,2,5,+,26,02/29/2016 12:00:00 AM
4,205,1,3,5,+,114,02/29/2016 12:00:00 AM
4,205,2,1,5,+,8,02/29/2016 12:00:00 AM
4,205,2,1,10,+,0,02/29/2016 12:00:00 AM
4,205,2,1,15,-,0,02/29/2016 12:00:00 AM
4,205,2,2,5,+,8,02/29/2016 12:00:00 AM
4,205,2,3,5,+,20,02/29/2016 12:00:00 AM
4,205,3,1,5,+,"1,155",02/29/2016 12:00:00 AM
4,205,3,1,10,+,0,02/29/2016 12:00:00 AM
4,205,3,1,15,-,2,02/29/2016 12:00:00 AM
4,205,3,2,5,+,"1,153",02/29/2016 12:00:00 AM
4,205,3,3,5,+,"9,807",02/29/2016 12:00:00 AM
4,205,4,1,5,+,646,02/29/2016 12:00:00 AM
4,205,4,1,10,+,2,02/29/2016 12:00:00 AM
4,205,4,1,15,-,0,02/29/2016 12:00:00 AM
4,205,4,2,5,+,648,02/29/2016 12:00:00 AM
4,205,4,3,5,+,"2,974",02/29/2016 12:00:00 AM
4,205,5,1,5,+,88,02/29/2016 12:00:00 AM
4,205,5,1,10,+,0,02/29/2016 12:00:00 AM
4,205,5,1,20,+,0,02/29/2016 12:00:00 AM
4,205,5,1,25,-,0,02/29/2016 12:00:00 AM
4,205,5,2,5,+,88,02/29/2016 12:00:00 AM
4,205,5,3,5,+,405,02/29/2016 12:00:00 AM
4,205,6,1,5,+,494,02/29/2016 12:00:00 AM
4,205,6,1,10,+,0,02/29/2016 12:00:00 AM
4,205,6,1,20,+,0,02/29/2016 12:00:00 AM
4,205,6,1,25,-,2,02/29/2016 12:00:00 AM
4,205,6,2,5,+,492,02/29/2016 12:00:00 AM
4,205,6,3,5,+,"3,961",02/29/2016 12:00:00 AM
4,205,7,1,5,+,"2,417",02/29/2016 12:00:00 AM
4,205,7,1,10,+,2,02/29/2016 12:00:00 AM
4,205,7,1,15,-,2,02/29/2016 12:00:00 AM
4,205,7,1,20,+,0,02/29/2016 12:00:00 AM
4,205,7,1,25,-,2,02/29/2016 12:00:00 AM
4,205,7,2,5,+,"2,415",02/29/2016 12:00:00 AM
4,205,7,3,5,+,"17,281",02/29/2016 12:00:00 AM
4,205,1,1,5,+,26,01/30/2016 12:00:00 AM
4,205,1,1,10,+,0,01/30/2016 12:00:00 AM
4,205,1,1,15,-,0,01/30/2016 12:00:00 AM
4,205,1,2,5,+,26,01/30/2016 12:00:00 AM
4,205,1,3,5,+,113,01/30/2016 12:00:00 AM
4,205,2,1,5,+,8,01/30/2016 12:00:00 AM
4,205,2,1,10,+,0,01/30/2016 12:00:00 AM
4,205,2,1,15,-,0,01/30/2016 12:00:00 AM
4,205,2,2,5,+,8,01/30/2016 12:00:00 AM
4,205,2,3,5,+,20,01/30/2016 12:00:00 AM
4,205,3,1,5,+,"1,157",01/30/2016 12:00:00 AM
4,205,3,1,10,+,3,01/30/2016 12:00:00 AM
4,205,3,1,15,-,5,01/30/2016 12:00:00 AM
4,205,3,2,5,+,"1,155",01/30/2016 12:00:00 AM
4,205,3,3,5,+,"9,845",01/30/2016 12:00:00 AM
4,205,4,1,5,+,646,01/30/2016 12:00:00 AM
4,205,4,1,10,+,1,01/30/2016 12:00:00 AM
4,205,4,1,15,-,1,01/30/2016 12:00:00 AM
4,205,4,2,5,+,646,01/30/2016 12:00:00 AM
4,205,4,3,5,+,"2,956",01/30/2016 12:00:00 AM
4,205,5,1,5,+,87,01/30/2016 12:00:00 AM
4,205,5,1,10,+,0,01/30/2016 12:00:00 AM
4,205,5,1,20,+,1,01/30/2016 12:00:00 AM
4,205,5,1,25,-,0,01/30/2016 12:00:00 AM
4,205,5,2,5,+,88,01/30/2016 12:00:00 AM
4,205,5,3,5,+,405,01/30/2016 12:00:00 AM
4,205,6,1,5,+,500,01/30/2016 12:00:00 AM
4,205,6,1,10,+,0,01/30/2016 12:00:00 AM
4,205,6,1,20,+,1,01/30/2016 12:00:00 AM
4,205,6,1,25,-,7,01/30/2016 12:00:00 AM
4,205,6,2,5,+,494,01/30/2016 12:00:00 AM
4,205,6,3,5,+,"3,982",01/30/2016 12:00:00 AM
4,205,7,1,5,+,"2,424",01/30/2016 12:00:00 AM
4,205,7,1,10,+,4,01/30/2016 12:00:00 AM
4,205,7,1,15,-,6,01/30/2016 12:00:00 AM
4,205,7,1,20,+,2,01/30/2016 12:00:00 AM
4,205,7,1,25,-,7,01/30/2016 12:00:00 AM
4,205,7,2,5,+,"2,417",01/30/2016 12:00:00 AM
4,205,7,3,5,+,"17,321",01/30/2016 12:00:00 AM
4,205,1,1,5,+,25,12/30/2015 12:00:00 AM
4,205,1,1,10,+,1,12/30/2015 12:00:00 AM
4,205,1,1,15,-,0,12/30/2015 12:00:00 AM
4,205,1,2,5,+,26,12/30/2015 12:00:00 AM
4,205,1,3,5,+,213,12/30/2015 12:00:00 AM
4,205,2,1,5,+,8,12/30/2015 12:00:00 AM
4,205,2,1,10,+,0,12/30/2015 12:00:00 AM
4,205,2,1,15,-,0,12/30/2015 12:00:00 AM
4,205,2,2,5,+,8,12/30/2015 12:00:00 AM
4,205,2,3,5,+,38,12/30/2015 12:00:00 AM
4,205,3,1,5,+,"1,154",12/30/2015 12:00:00 AM
4,205,3,1,10,+,5,12/30/2015 12:00:00 AM
4,205,3,1,15,-,2,12/30/2015 12:00:00 AM
4,205,3,2,5,+,"1,157",12/30/2015 12:00:00 AM
4,205,3,3,5,+,"18,383",12/30/2015 12:00:00 AM
4,205,4,1,5,+,646,12/30/2015 12:00:00 AM
4,205,4,1,10,+,0,12/30/2015 12:00:00 AM
4,205,4,1,15,-,0,12/30/2015 12:00:00 AM
4,205,4,2,5,+,646,12/30/2015 12:00:00 AM
4,205,4,3,5,+,"5,535",12/30/2015 12:00:00 AM
4,205,5,1,5,+,88,12/30/2015 12:00:00 AM
4,205,5,1,10,+,0,12/30/2015 12:00:00 AM
4,205,5,1,20,+,0,12/30/2015 12:00:00 AM
4,205,5,1,25,-,1,12/30/2015 12:00:00 AM
4,205,5,2,5,+,87,12/30/2015 12:00:00 AM
4,205,5,3,5,+,746,12/30/2015 12:00:00 AM
4,205,6,1,5,+,499,12/30/2015 12:00:00 AM
4,205,6,1,10,+,0,12/30/2015 12:00:00 AM
4,205,6,1,20,+,2,12/30/2015 12:00:00 AM
4,205,6,1,25,-,1,12/30/2015 12:00:00 AM
4,205,6,2,5,+,500,12/30/2015 12:00:00 AM
4,205,6,3,5,+,"7,601",12/30/2015 12:00:00 AM
4,205,7,1,5,+,"2,420",12/30/2015 12:00:00 AM
4,205,7,1,10,+,6,12/30/2015 12:00:00 AM
4,205,7,1,15,-,2,12/30/2015 12:00:00 AM
4,205,7,1,20,+,2,12/30/2015 12:00:00 AM
4,205,7,1,25,-,2,12/30/2015 12:00:00 AM
4,205,7,2,5,+,"2,424",12/30/2015 12:00:00 AM
4,205,7,3,5,+,"32,516",12/30/2015 12:00:00 AM
4,205,1,1,5,+,25,11/30/2015 12:00:00 AM
4,205,1,1,10,+,0,11/30/2015 12:00:00 AM
4,205,1,1,15,-,0,11/30/2015 12:00:00 AM
4,205,1,2,5,+,25,11/30/2015 12:00:00 AM
4,205,1,3,5,+,105,11/30/2015 12:00:00 AM
4,205,2,1,5,+,9,11/30/2015 12:00:00 AM
4,205,2,1,10,+,0,11/30/2015 12:00:00 AM
4,205,2,1,15,-,1,11/30/2015 12:00:00 AM
4,205,2,2,5,+,8,11/30/2015 12:00:00 AM
4,205,2,3,5,+,19,11/30/2015 12:00:00 AM
4,205,3,1,5,+,"1,155",11/30/2015 12:00:00 AM
4,205,3,1,10,+,3,11/30/2015 12:00:00 AM
4,205,3,1,15,+,4,11/30/2015 12:00:00 AM
4,205,3,2,5,+,"1,154",11/30/2015 12:00:00 AM
4,205,3,3,5,+,"9,197",11/30/2015 12:00:00 AM
4,205,4,1,5,+,644,11/30/2015 12:00:00 AM
4,205,4,1,10,+,2,11/30/2015 12:00:00 AM
4,205,4,1,15,-,1,11/30/2015 12:00:00 AM
4,205,4,2,5,+,646,11/30/2015 12:00:00 AM
4,205,4,3,5,+,"2,764",11/30/2015 12:00:00 AM
4,205,5,1,5,+,88,11/30/2015 12:00:00 AM
4,205,5,1,10,+,0,11/30/2015 12:00:00 AM
4,205,5,1,20,+,0,11/30/2015 12:00:00 AM
4,205,5,1,25,-,0,11/30/2015 12:00:00 AM
4,205,5,2,5,+,88,11/30/2015 12:00:00 AM
4,205,5,3,5,+,373,11/30/2015 12:00:00 AM
4,205,6,1,5,+,493,11/30/2015 12:00:00 AM
4,205,6,1,10,+,0,11/30/2015 12:00:00 AM
4,205,6,1,20,+,6,11/30/2015 12:00:00 AM
4,205,6,1,25,-,0,11/30/2015 12:00:00 AM
4,205,6,2,5,+,499,11/30/2015 12:00:00 AM
4,205,6,3,5,+,"3,786",11/30/2015 12:00:00 AM
4,205,7,1,5,+,"2,414",11/30/2015 12:00:00 AM
4,205,7,1,10,+,5,11/30/2015 12:00:00 AM
4,205,7,1,15,-,5,11/30/2015 12:00:00 AM
4,205,7,1,20,+,6,11/30/2015 12:00:00 AM
4,205,7,1,25,-,0,11/30/2015 12:00:00 AM
4,205,7,2,5,+,"2,420",11/30/2015 12:00:00 AM
4,205,7,3,5,+,"16,244",11/30/2015 12:00:00 AM
4,205,1,1,5,+,25,10/30/2015 12:00:00 AM
4,205,1,1,10,+,0,10/30/2015 12:00:00 AM
4,205,1,1,15,-,0,10/30/2015 12:00:00 AM
4,205,1,2,5,+,25,10/30/2015 12:00:00 AM
4,205,1,3,5,+,105,10/30/2015 12:00:00 AM
4,205,2,1,5,+,9,10/30/2015 12:00:00 AM
4,205,2,1,10,+,0,10/30/2015 12:00:00 AM
4,205,2,1,15,-,0,10/30/2015 12:00:00 AM
4,205,2,2,5,+,9,10/30/2015 12:00:00 AM
4,205,2,3,5,+,26,10/30/2015 12:00:00 AM
4,205,3,1,5,+,"1,156",10/30/2015 12:00:00 AM
4,205,3,1,10,+,2,10/30/2015 12:00:00 AM
4,205,3,1,15,-,3,10/30/2015 12:00:00 AM
4,205,3,2,5,+,"1,155",10/30/2015 12:00:00 AM
4,205,3,3,5,+,"9,222",10/30/2015 12:00:00 AM
4,205,4,1,5,+,645,10/30/2015 12:00:00 AM
4,205,4,1,10,+,1,10/30/2015 12:00:00 AM
4,205,4,1,15,-,2,10/30/2015 12:00:00 AM
4,205,4,2,5,+,644,10/30/2015 12:00:00 AM
4,205,4,3,5,+,"2,756",10/30/2015 12:00:00 AM
4,205,5,1,5,+,87,10/30/2015 12:00:00 AM
4,205,5,1,10,+,0,10/30/2015 12:00:00 AM
4,205,5,1,20,+,2,10/30/2015 12:00:00 AM
4,205,5,1,25,-,1,10/30/2015 12:00:00 AM
4,205,5,2,5,+,88,10/30/2015 12:00:00 AM
4,205,5,3,5,+,373,10/30/2015 12:00:00 AM
4,205,6,1,5,+,483,10/30/2015 12:00:00 AM
4,205,6,1,10,+,0,10/30/2015 12:00:00 AM
4,205,6,1,20,+,11,10/30/2015 12:00:00 AM
4,205,6,1,25,-,1,10/30/2015 12:00:00 AM
4,205,6,2,5,+,493,10/30/2015 12:00:00 AM
4,205,6,3,5,+,"3,764",10/30/2015 12:00:00 AM
4,205,7,1,5,+,"2,405",10/30/2015 12:00:00 AM
4,205,7,1,10,+,3,10/30/2015 12:00:00 AM
4,205,7,1,15,-,5,10/30/2015 12:00:00 AM
4,205,7,1,20,+,13,10/30/2015 12:00:00 AM
4,205,7,1,25,-,2,10/30/2015 12:00:00 AM
4,205,7,2,5,+,"2,414",10/30/2015 12:00:00 AM
4,205,7,3,5,+,"16,246",10/30/2015 12:00:00 AM
4,205,1,1,5,+,26,09/30/2015 12:00:00 AM
4,205,1,1,10,+,0,09/30/2015 12:00:00 AM
4,205,1,1,15,-,1,09/30/2015 12:00:00 AM
4,205,1,2,5,+,25,09/30/2015 12:00:00 AM
4,205,1,3,5,+,105,09/30/2015 12:00:00 AM
4,205,2,1,5,+,9,09/30/2015 12:00:00 AM
4,205,2,1,10,+,0,09/30/2015 12:00:00 AM
4,205,2,1,15,-,0,09/30/2015 12:00:00 AM
4,205,2,2,5,+,9,09/30/2015 12:00:00 AM
4,205,2,3,5,+,26,09/30/2015 12:00:00 AM
4,205,3,1,5,+,"1,154",09/30/2015 12:00:00 AM
4,205,3,1,10,+,4,09/30/2015 12:00:00 AM
4,205,3,1,15,+,2,09/30/2015 12:00:00 AM
4,205,3,2,5,+,"1,156",09/30/2015 12:00:00 AM
4,205,3,3,5,+,"9,249",09/30/2015 12:00:00 AM
4,205,4,1,5,+,644,09/30/2015 12:00:00 AM
4,205,4,1,10,+,2,09/30/2015 12:00:00 AM
4,205,4,1,15,-,1,09/30/2015 12:00:00 AM
4,205,4,2,5,+,645,09/30/2015 12:00:00 AM
4,205,4,3,5,+,"2,753",09/30/2015 12:00:00 AM
4,205,5,1,5,+,88,09/30/2015 12:00:00 AM
4,205,5,1,10,+,0,09/30/2015 12:00:00 AM
4,205,5,1,20,+,0,09/30/2015 12:00:00 AM
4,205,5,1,25,-,1,09/30/2015 12:00:00 AM
4,205,5,2,5,+,87,09/30/2015 12:00:00 AM
4,205,5,3,5,+,366,09/30/2015 12:00:00 AM
4,205,6,1,5,+,483,09/30/2015 12:00:00 AM
4,205,6,1,10,+,0,09/30/2015 12:00:00 AM
4,205,6,1,20,+,1,09/30/2015 12:00:00 AM
4,205,6,1,25,-,1,09/30/2015 12:00:00 AM
4,205,6,2,5,+,483,09/30/2015 12:00:00 AM
4,205,6,3,5,+,"3,723",09/30/2015 12:00:00 AM
4,205,7,1,5,+,"2,404",09/30/2015 12:00:00 AM
4,205,7,1,10,+,6,09/30/2015 12:00:00 AM
4,205,7,1,15,-,4,09/30/2015 12:00:00 AM
4,205,7,1,20,+,1,09/30/2015 12:00:00 AM
4,205,7,1,25,-,2,09/30/2015 12:00:00 AM
4,205,7,2,5,+,"2,405",09/30/2015 12:00:00 AM
4,205,7,3,5,+,"16,222",09/30/2015 12:00:00 AM
4,205,1,1,5,+,26,08/30/2015 12:00:00 AM
4,205,1,1,10,+,0,08/30/2015 12:00:00 AM
4,205,1,1,15,-,0,08/30/2015 12:00:00 AM
4,205,1,2,5,+,26,08/30/2015 12:00:00 AM
4,205,1,3,5,+,111,08/30/2015 12:00:00 AM
4,205,2,1,5,+,9,08/30/2015 12:00:00 AM
4,205,2,1,10,+,0,08/30/2015 12:00:00 AM
4,205,2,1,15,-,0,08/30/2015 12:00:00 AM
4,205,2,2,5,+,9,08/30/2015 12:00:00 AM
4,205,2,3,5,+,25,08/30/2015 12:00:00 AM
4,205,3,1,5,+,"1,159",08/30/2015 12:00:00 AM
4,205,3,1,10,+,3,08/30/2015 12:00:00 AM
4,205,3,1,15,-,8,08/30/2015 12:00:00 AM
4,205,3,2,5,+,"1,154",08/30/2015 12:00:00 AM
4,205,3,3,5,+,"9,251",08/30/2015 12:00:00 AM
4,205,4,1,5,+,646,08/30/2015 12:00:00 AM
4,205,4,1,10,+,1,08/30/2015 12:00:00 AM
4,205,4,1,15,-,3,08/30/2015 12:00:00 AM
4,205,4,2,5,+,644,08/30/2015 12:00:00 AM
4,205,4,3,5,+,"2,753",08/30/2015 12:00:00 AM
4,205,5,1,5,+,88,08/30/2015 12:00:00 AM
4,205,5,1,10,+,0,08/30/2015 12:00:00 AM
4,205,5,1,20,+,1,08/30/2015 12:00:00 AM
4,205,5,1,25,-,1,08/30/2015 12:00:00 AM
4,205,5,2,5,+,88,08/30/2015 12:00:00 AM
4,205,5,3,5,+,374,08/30/2015 12:00:00 AM
4,205,6,1,5,+,483,08/30/2015 12:00:00 AM
4,205,6,1,10,+,0,08/30/2015 12:00:00 AM
4,205,6,1,20,+,2,08/30/2015 12:00:00 AM
4,205,6,1,25,-,2,08/30/2015 12:00:00 AM
4,205,6,2,5,+,483,08/30/2015 12:00:00 AM
4,205,6,3,5,+,"3,728",08/30/2015 12:00:00 AM
4,205,7,1,5,+,"2,411",08/30/2015 12:00:00 AM
4,205,7,1,10,+,4,08/30/2015 12:00:00 AM
4,205,7,1,15,-,11,08/30/2015 12:00:00 AM
4,205,7,1,20,+,3,08/30/2015 12:00:00 AM
4,205,7,1,25,-,3,08/30/2015 12:00:00 AM
4,205,7,2,5,+,"2,404",08/30/2015 12:00:00 AM
4,205,7,3,5,+,"16,242",08/30/2015 12:00:00 AM
4,205,1,1,5,+,26,07/30/2015 12:00:00 AM
4,205,1,1,10,+,0,07/30/2015 12:00:00 AM
4,205,1,1,15,-,0,07/30/2015 12:00:00 AM
4,205,1,2,5,+,26,07/30/2015 12:00:00 AM
4,205,1,3,5,+,111,07/30/2015 12:00:00 AM
4,205,2,1,5,+,9,07/30/2015 12:00:00 AM
4,205,2,1,10,+,0,07/30/2015 12:00:00 AM
4,205,2,1,15,-,0,07/30/2015 12:00:00 AM
4,205,2,2,5,+,9,07/30/2015 12:00:00 AM
4,205,2,3,5,+,25,07/30/2015 12:00:00 AM
4,205,3,1,5,+,"1,160",07/30/2015 12:00:00 AM
4,205,3,1,10,+,2,07/30/2015 12:00:00 AM
4,205,3,1,15,-,3,07/30/2015 12:00:00 AM
4,205,3,2,5,+,"1,159",07/30/2015 12:00:00 AM
4,205,3,3,5,+,"9,257",07/30/2015 12:00:00 AM
4,205,4,1,5,+,642,07/30/2015 12:00:00 AM
4,205,4,1,10,+,4,07/30/2015 12:00:00 AM
4,205,4,1,15,-,0,07/30/2015 12:00:00 AM
4,205,4,2,5,+,646,07/30/2015 12:00:00 AM
4,205,4,3,5,+,"2,762",07/30/2015 12:00:00 AM
4,205,5,1,5,+,87,07/30/2015 12:00:00 AM
4,205,5,1,10,+,0,07/30/2015 12:00:00 AM
4,205,5,1,20,+,1,07/30/2015 12:00:00 AM
4,205,5,1,25,-,0,07/30/2015 12:00:00 AM
4,205,5,2,5,+,88,07/30/2015 12:00:00 AM
4,205,5,3,5,+,365,07/30/2015 12:00:00 AM
4,205,6,1,5,+,483,07/30/2015 12:00:00 AM
4,205,6,1,10,+,0,07/30/2015 12:00:00 AM
4,205,6,1,20,+,1,07/30/2015 12:00:00 AM
4,205,6,1,25,-,1,07/30/2015 12:00:00 AM
4,205,6,2,5,+,483,07/30/2015 12:00:00 AM
4,205,6,3,5,+,"3,759",07/30/2015 12:00:00 AM
4,205,7,1,5,+,"2,407",07/30/2015 12:00:00 AM
4,205,7,1,10,+,6,07/30/2015 12:00:00 AM
4,205,7,1,15,-,3,07/30/2015 12:00:00 AM
4,205,7,1,20,+,2,07/30/2015 12:00:00 AM
4,205,7,1,25,-,1,07/30/2015 12:00:00 AM
4,205,7,2,5,+,"2,411",07/30/2015 12:00:00 AM
4,205,7,3,5,+,"16,279",07/30/2015 12:00:00 AM
4,205,1,1,5,+,26,06/30/2015 12:00:00 AM
4,205,1,1,10,+,0,06/30/2015 12:00:00 AM
4,205,1,1,15,-,0,06/30/2015 12:00:00 AM
4,205,1,2,5,+,26,06/30/2015 12:00:00 AM
4,205,1,3,5,+,187,06/30/2015 12:00:00 AM
4,205,2,1,5,+,9,06/30/2015 12:00:00 AM
4,205,2,1,10,+,0,06/30/2015 12:00:00 AM
4,205,2,1,15,-,0,06/30/2015 12:00:00 AM
4,205,2,2,5,+,9,06/30/2015 12:00:00 AM
4,205,2,3,5,+,46,06/30/2015 12:00:00 AM
4,205,3,1,5,+,"1,162",06/30/2015 12:00:00 AM
4,205,3,1,10,+,2,06/30/2015 12:00:00 AM
4,205,3,1,15,-,4,06/30/2015 12:00:00 AM
4,205,3,2,5,+,"1,160",06/30/2015 12:00:00 AM
4,205,3,3,5,+,"14,604",06/30/2015 12:00:00 AM
4,205,4,1,5,+,641,06/30/2015 12:00:00 AM
4,205,4,1,10,+,2,06/30/2015 12:00:00 AM
4,205,4,1,15,-,1,06/30/2015 12:00:00 AM
4,205,4,2,5,+,642,06/30/2015 12:00:00 AM
4,205,4,3,5,+,"4,238",06/30/2015 12:00:00 AM
4,205,5,1,5,+,87,06/30/2015 12:00:00 AM
4,205,5,1,10,+,0,06/30/2015 12:00:00 AM
4,205,5,1,20,+,1,06/30/2015 12:00:00 AM
4,205,5,1,25,-,1,06/30/2015 12:00:00 AM
4,205,5,2,5,+,87,06/30/2015 12:00:00 AM
4,205,5,3,5,+,610,06/30/2015 12:00:00 AM
4,205,6,1,5,+,483,06/30/2015 12:00:00 AM
4,205,6,1,10,+,0,06/30/2015 12:00:00 AM
4,205,6,1,20,+,2,06/30/2015 12:00:00 AM
4,205,6,1,25,-,2,06/30/2015 12:00:00 AM
4,205,6,2,5,+,483,06/30/2015 12:00:00 AM
4,205,6,3,5,+,"6,429",06/30/2015 12:00:00 AM
4,205,7,1,5,+,"2,408",06/30/2015 12:00:00 AM
4,205,7,1,10,+,4,06/30/2015 12:00:00 AM
4,205,7,1,15,-,5,06/30/2015 12:00:00 AM
4,205,7,1,20,+,3,06/30/2015 12:00:00 AM
4,205,7,1,25,-,3,06/30/2015 12:00:00 AM
4,205,7,2,5,+,"2,407",06/30/2015 12:00:00 AM
4,205,7,3,5,+,"26,114",06/30/2015 12:00:00 AM
4,205,1,1,5,+,26,05/30/2015 12:00:00 AM
4,205,1,1,10,+,0,05/30/2015 12:00:00 AM
4,205,1,1,15,-,0,05/30/2015 12:00:00 AM
4,205,1,2,5,+,26,05/30/2015 12:00:00 AM
4,205,1,3,5,+,111,05/30/2015 12:00:00 AM
4,205,2,1,5,+,9,05/30/2015 12:00:00 AM
4,205,2,1,10,+,0,05/30/2015 12:00:00 AM
4,205,2,1,15,-,0,05/30/2015 12:00:00 AM
4,205,2,2,5,+,9,05/30/2015 12:00:00 AM
4,205,2,3,5,+,26,05/30/2015 12:00:00 AM
4,205,3,1,5,+,"1,166",05/30/2015 12:00:00 AM
4,205,3,1,10,+,2,05/30/2015 12:00:00 AM
4,205,3,1,15,-,6,05/30/2015 12:00:00 AM
4,205,3,2,5,+,"1,162",05/30/2015 12:00:00 AM
4,205,3,3,5,+,"9,325",05/30/2015 12:00:00 AM
4,205,4,1,5,+,640,05/30/2015 12:00:00 AM
4,205,4,1,10,+,1,05/30/2015 12:00:00 AM
4,205,4,1,15,-,0,05/30/2015 12:00:00 AM
4,205,4,2,5,+,641,05/30/2015 12:00:00 AM
4,205,4,3,5,+,"2,741",05/30/2015 12:00:00 AM
4,205,5,1,5,+,86,05/30/2015 12:00:00 AM
4,205,5,1,10,+,0,05/30/2015 12:00:00 AM
4,205,5,1,20,+,3,05/30/2015 12:00:00 AM
4,205,5,1,25,-,2,05/30/2015 12:00:00 AM
4,205,5,2,5,+,87,05/30/2015 12:00:00 AM
4,205,5,3,5,+,362,05/30/2015 12:00:00 AM
4,205,6,1,5,+,485,05/30/2015 12:00:00 AM
4,205,6,1,10,+,0,05/30/2015 12:00:00 AM
4,205,6,1,20,+,0,05/30/2015 12:00:00 AM
4,205,6,1,25,-,2,05/30/2015 12:00:00 AM
4,205,6,2,5,+,483,05/30/2015 12:00:00 AM
4,205,6,3,5,+,"3,764",05/30/2015 12:00:00 AM
4,205,7,1,5,+,"2,412",05/30/2015 12:00:00 AM
4,205,7,1,10,+,3,05/30/2015 12:00:00 AM
4,205,7,1,15,-,6,05/30/2015 12:00:00 AM
4,205,7,1,20,+,3,05/30/2015 12:00:00 AM
4,205,7,1,25,-,4,05/30/2015 12:00:00 AM
4,205,7,2,5,+,"2,408",05/30/2015 12:00:00 AM
4,205,7,3,5,+,"16,329",05/30/2015 12:00:00 AM
4,205,1,1,5,+,26,04/30/2015 12:00:00 AM
4,205,1,1,10,+,0,04/30/2015 12:00:00 AM
4,205,1,1,15,-,0,04/30/2015 12:00:00 AM
4,205,1,2,5,+,26,04/30/2015 12:00:00 AM
4,205,1,3,5,+,111,04/30/2015 12:00:00 AM
4,205,2,1,5,+,9,04/30/2015 12:00:00 AM
4,205,2,1,10,+,0,04/30/2015 12:00:00 AM
4,205,2,1,15,-,0,04/30/2015 12:00:00 AM
4,205,2,2,5,+,9,04/30/2015 12:00:00 AM
4,205,2,3,5,+,26,04/30/2015 12:00:00 AM
4,205,3,1,5,+,"1,165",04/30/2015 12:00:00 AM
4,205,3,1,10,+,2,04/30/2015 12:00:00 AM
4,205,3,1,15,-,1,04/30/2015 12:00:00 AM
4,205,3,2,5,+,"1,166",04/30/2015 12:00:00 AM
4,205,3,3,5,+,"9,359",04/30/2015 12:00:00 AM
4,205,4,1,5,+,638,04/30/2015 12:00:00 AM
4,205,4,1,10,+,4,04/30/2015 12:00:00 AM
4,205,4,1,15,-,2,04/30/2015 12:00:00 AM
4,205,4,2,5,+,640,04/30/2015 12:00:00 AM
4,205,4,3,5,+,"2,735",04/30/2015 12:00:00 AM
4,205,5,1,5,+,86,04/30/2015 12:00:00 AM
4,205,5,1,10,+,0,04/30/2015 12:00:00 AM
4,205,5,1,20,+,0,04/30/2015 12:00:00 AM
4,205,5,1,25,-,0,04/30/2015 12:00:00 AM
4,205,5,2,5,+,86,04/30/2015 12:00:00 AM
4,205,5,3,5,+,364,04/30/2015 12:00:00 AM
4,205,6,1,5,+,482,04/30/2015 12:00:00 AM
4,205,6,1,10,+,4,04/30/2015 12:00:00 AM
4,205,6,1,20,+,1,04/30/2015 12:00:00 AM
4,205,6,1,25,-,2,04/30/2015 12:00:00 AM
4,205,6,2,5,+,485,04/30/2015 12:00:00 AM
4,205,6,3,5,+,"3,787",04/30/2015 12:00:00 AM
4,205,7,1,5,+,"2,406",04/30/2015 12:00:00 AM
4,205,7,1,10,+,10,04/30/2015 12:00:00 AM
4,205,7,1,15,-,3,04/30/2015 12:00:00 AM
4,205,7,1,20,+,1,04/30/2015 12:00:00 AM
4,205,7,1,25,-,2,04/30/2015 12:00:00 AM
4,205,7,2,5,+,"2,412",04/30/2015 12:00:00 AM
4,205,7,3,5,+,"16,382",04/30/2015 12:00:00 AM
4,205,1,1,5,+,26,03/30/2015 12:00:00 AM
4,205,1,1,10,+,0,03/30/2015 12:00:00 AM
4,205,1,1,15,-,0,03/30/2015 12:00:00 AM
4,205,1,2,5,+,26,03/30/2015 12:00:00 AM
4,205,1,3,5,+,111,03/30/2015 12:00:00 AM
4,205,2,1,5,+,9,03/30/2015 12:00:00 AM
4,205,2,1,10,+,0,03/30/2015 12:00:00 AM
4,205,2,1,15,-,0,03/30/2015 12:00:00 AM
4,205,2,2,5,+,9,03/30/2015 12:00:00 AM
4,205,2,3,5,+,26,03/30/2015 12:00:00 AM
4,205,3,1,5,+,"1,165",03/30/2015 12:00:00 AM
4,205,3,1,10,+,4,03/30/2015 12:00:00 AM
4,205,3,1,15,-,4,03/30/2015 12:00:00 AM
4,205,3,2,5,+,"1,165",03/30/2015 12:00:00 AM
4,205,3,3,5,+,"9,322",03/30/2015 12:00:00 AM
4,205,4,1,5,+,635,03/30/2015 12:00:00 AM
4,205,4,1,10,+,3,03/30/2015 12:00:00 AM
4,205,4,1,15,-,2,03/30/2015 12:00:00 AM
4,205,4,2,5,+,636,03/30/2015 12:00:00 AM
4,205,4,3,5,+,"2,716",03/30/2015 12:00:00 AM
4,205,5,1,5,+,86,03/30/2015 12:00:00 AM
4,205,5,1,10,+,0,03/30/2015 12:00:00 AM
4,205,5,1,20,+,0,03/30/2015 12:00:00 AM
4,205,5,1,25,-,0,03/30/2015 12:00:00 AM
4,205,5,2,5,+,86,03/30/2015 12:00:00 AM
4,205,5,3,5,+,374,03/30/2015 12:00:00 AM
4,205,6,1,5,+,478,03/30/2015 12:00:00 AM
4,205,6,1,10,+,0,03/30/2015 12:00:00 AM
4,205,6,1,20,+,4,03/30/2015 12:00:00 AM
4,205,6,1,25,-,0,03/30/2015 12:00:00 AM
4,205,6,2,5,+,482,03/30/2015 12:00:00 AM
4,205,6,3,5,+,"3,715",03/30/2015 12:00:00 AM
4,205,7,1,5,+,"2,399",03/30/2015 12:00:00 AM
4,205,7,1,10,+,7,03/30/2015 12:00:00 AM
4,205,7,1,15,-,4,03/30/2015 12:00:00 AM
4,205,7,1,20,+,4,03/30/2015 12:00:00 AM
4,205,7,1,25,-,0,03/30/2015 12:00:00 AM
4,205,7,2,5,+,"2,406",03/30/2015 12:00:00 AM
4,205,7,3,5,+,"16,264",03/30/2015 12:00:00 AM
4,205,1,1,5,+,26,02/28/2015 12:00:00 AM
4,205,1,1,10,+,0,02/28/2015 12:00:00 AM
4,205,1,1,15,-,0,02/28/2015 12:00:00 AM
4,205,1,2,5,+,26,02/28/2015 12:00:00 AM
4,205,1,3,5,+,111,02/28/2015 12:00:00 AM
4,205,2,1,5,+,9,02/28/2015 12:00:00 AM
4,205,2,1,10,+,0,02/28/2015 12:00:00 AM
4,205,2,1,15,-,0,02/28/2015 12:00:00 AM
4,205,2,2,5,+,9,02/28/2015 12:00:00 AM
4,205,2,3,5,+,26,02/28/2015 12:00:00 AM
4,205,3,1,5,+,"1,166",02/28/2015 12:00:00 AM
4,205,3,1,10,+,1,02/28/2015 12:00:00 AM
4,205,3,1,15,-,2,02/28/2015 12:00:00 AM
4,205,3,2,5,+,"1,165",02/28/2015 12:00:00 AM
4,205,3,3,5,+,"9,321",02/28/2015 12:00:00 AM
4,205,4,1,5,+,632,02/28/2015 12:00:00 AM
4,205,4,1,10,+,3,02/28/2015 12:00:00 AM
4,205,4,1,15,-,0,02/28/2015 12:00:00 AM
4,205,4,2,5,+,635,02/28/2015 12:00:00 AM
4,205,4,3,5,+,"2,707",02/28/2015 12:00:00 AM
4,205,5,1,5,+,88,02/28/2015 12:00:00 AM
4,205,5,1,10,+,0,02/28/2015 12:00:00 AM
4,205,5,1,20,+,0,02/28/2015 12:00:00 AM
4,205,5,1,25,-,2,02/28/2015 12:00:00 AM
4,205,5,2,5,+,86,02/28/2015 12:00:00 AM
4,205,5,3,5,+,373,02/28/2015 12:00:00 AM
4,205,6,1,5,+,480,02/28/2015 12:00:00 AM
4,205,6,1,10,+,0,02/28/2015 12:00:00 AM
4,205,6,1,20,+,0,02/28/2015 12:00:00 AM
4,205,6,1,25,-,2,02/28/2015 12:00:00 AM
4,205,6,2,5,+,478,02/28/2015 12:00:00 AM
4,205,6,3,5,+,"3,682",02/28/2015 12:00:00 AM
4,205,7,1,5,+,"3,978",02/28/2015 12:00:00 AM
4,205,7,1,10,+,11,02/28/2015 12:00:00 AM
4,205,7,1,15,-,4,02/28/2015 12:00:00 AM
4,205,7,1,20,+,0,02/28/2015 12:00:00 AM
4,205,7,1,25,-,6,02/28/2015 12:00:00 AM
4,205,7,2,5,+,"3,979",02/28/2015 12:00:00 AM
4,205,7,3,5,+,"12,947",02/28/2015 12:00:00 AM
4,205,1,1,5,+,25,01/30/2015 12:00:00 AM
4,205,1,1,10,+,1,01/30/2015 12:00:00 AM
4,205,1,1,15,-,0,01/30/2015 12:00:00 AM
4,205,1,2,5,+,26,01/30/2015 12:00:00 AM
4,205,1,3,5,+,111,01/30/2015 12:00:00 AM
4,205,2,1,5,+,9,01/30/2015 12:00:00 AM
4,205,2,1,10,+,1,01/30/2015 12:00:00 AM
4,205,2,1,15,-,1,01/30/2015 12:00:00 AM
4,205,2,2,5,+,9,01/30/2015 12:00:00 AM
4,205,2,3,5,+,26,01/30/2015 12:00:00 AM
4,205,3,1,5,+,"1,167",01/30/2015 12:00:00 AM
4,205,3,1,10,+,5,01/30/2015 12:00:00 AM
4,205,3,1,15,-,6,01/30/2015 12:00:00 AM
4,205,3,2,5,+,"1,166",01/30/2015 12:00:00 AM
4,205,3,3,5,+,"9,322",01/30/2015 12:00:00 AM
4,205,4,1,5,+,631,01/30/2015 12:00:00 AM
4,205,4,1,10,+,3,01/30/2015 12:00:00 AM
4,205,4,1,15,-,2,01/30/2015 12:00:00 AM
4,205,4,2,5,+,632,01/30/2015 12:00:00 AM
4,205,4,3,5,+,"2,697",01/30/2015 12:00:00 AM
4,205,5,1,5,+,88,01/30/2015 12:00:00 AM
4,205,5,1,10,+,0,01/30/2015 12:00:00 AM
4,205,5,1,20,+,1,01/30/2015 12:00:00 AM
4,205,5,1,25,-,1,01/30/2015 12:00:00 AM
4,205,5,2,5,+,88,01/30/2015 12:00:00 AM
4,205,5,3,5,+,382,01/30/2015 12:00:00 AM
4,205,6,1,5,+,481,01/30/2015 12:00:00 AM
4,205,6,1,10,+,0,01/30/2015 12:00:00 AM
4,205,6,1,20,+,2,01/30/2015 12:00:00 AM
4,205,6,1,25,-,3,01/30/2015 12:00:00 AM
4,205,6,2,5,+,480,01/30/2015 12:00:00 AM
4,205,6,3,5,+,"3,700",01/30/2015 12:00:00 AM
4,205,7,1,5,+,"2,401",01/30/2015 12:00:00 AM
4,205,7,1,10,+,10,01/30/2015 12:00:00 AM
4,205,7,1,15,-,9,01/30/2015 12:00:00 AM
4,205,7,1,20,+,3,01/30/2015 12:00:00 AM
4,205,7,1,25,-,4,01/30/2015 12:00:00 AM
4,205,7,2,5,+,"2,401",01/30/2015 12:00:00 AM
4,205,7,3,5,+,"16,238",01/30/2015 12:00:00 AM
4,205,1,1,5,+,27,06/30/2014 12:00:00 AM
4,205,1,1,10,+,0,06/30/2014 12:00:00 AM
4,205,1,1,15,-,2,06/30/2014 12:00:00 AM
4,205,1,2,5,+,25,06/30/2014 12:00:00 AM
4,205,1,3,5,+,178,06/30/2014 12:00:00 AM
4,205,2,1,5,+,9,06/30/2014 12:00:00 AM
4,205,2,1,10,+,0,06/30/2014 12:00:00 AM
4,205,2,1,15,-,0,06/30/2014 12:00:00 AM
4,205,2,2,5,+,9,06/30/2014 12:00:00 AM
4,205,2,3,5,+,49,06/30/2014 12:00:00 AM
4,205,3,1,5,+,"1,142",06/30/2014 12:00:00 AM
4,205,3,1,10,+,4,06/30/2014 12:00:00 AM
4,205,3,1,15,+,4,06/30/2014 12:00:00 AM
4,205,3,2,5,+,"1,142",06/30/2014 12:00:00 AM
4,205,3,3,5,+,"14,089",06/30/2014 12:00:00 AM
4,205,4,1,5,+,604,06/30/2014 12:00:00 AM
4,205,4,1,10,+,2,06/30/2014 12:00:00 AM
4,205,4,1,15,-,0,06/30/2014 12:00:00 AM
4,205,4,2,5,+,606,06/30/2014 12:00:00 AM
4,205,4,3,5,+,"3,796",06/30/2014 12:00:00 AM
4,205,5,1,5,+,86,06/30/2014 12:00:00 AM
4,205,5,1,10,+,0,06/30/2014 12:00:00 AM
4,205,5,1,20,+,0,06/30/2014 12:00:00 AM
4,205,5,1,25,-,0,06/30/2014 12:00:00 AM
4,205,5,2,5,+,86,06/30/2014 12:00:00 AM
4,205,5,3,5,+,566,06/30/2014 12:00:00 AM
4,205,6,1,5,+,471,06/30/2014 12:00:00 AM
4,205,6,1,10,+,0,06/30/2014 12:00:00 AM
4,205,6,1,20,+,4,06/30/2014 12:00:00 AM
4,205,6,1,25,-,0,06/30/2014 12:00:00 AM
4,205,6,2,5,+,475,06/30/2014 12:00:00 AM
4,205,6,3,5,+,"6,076",06/30/2014 12:00:00 AM
4,205,7,1,5,+,"2,339",06/30/2014 12:00:00 AM
4,205,7,1,10,+,6,06/30/2014 12:00:00 AM
4,205,7,1,15,-,6,06/30/2014 12:00:00 AM
4,205,7,1,20,+,4,06/30/2014 12:00:00 AM
4,205,7,1,25,-,0,06/30/2014 12:00:00 AM
4,205,7,2,5,+,"2,343",06/30/2014 12:00:00 AM
4,205,7,3,5,+,"24,754",06/30/2014 12:00:00 AM
4,205,1,1,5,+,25,07/30/2014 12:00:00 AM
4,205,1,1,10,+,0,07/30/2014 12:00:00 AM
4,205,1,1,15,-,0,07/30/2014 12:00:00 AM
4,205,1,2,5,+,25,07/30/2014 12:00:00 AM
4,205,1,3,5,+,105,07/30/2014 12:00:00 AM
4,205,2,1,5,+,9,07/30/2014 12:00:00 AM
4,205,2,1,10,+,0,07/30/2014 12:00:00 AM
4,205,2,1,15,-,0,07/30/2014 12:00:00 AM
4,205,2,2,5,+,9,07/30/2014 12:00:00 AM
4,205,2,3,5,+,26,07/30/2014 12:00:00 AM
4,205,3,1,5,+,"1,142",07/30/2014 12:00:00 AM
4,205,3,1,10,+,2,07/30/2014 12:00:00 AM
4,205,3,1,15,+,2,07/30/2014 12:00:00 AM
4,205,3,2,5,+,"1,142",07/30/2014 12:00:00 AM
4,205,3,3,5,+,"8,801",07/30/2014 12:00:00 AM
4,205,4,1,5,+,606,07/30/2014 12:00:00 AM
4,205,4,1,10,+,1,07/30/2014 12:00:00 AM
4,205,4,1,15,-,0,07/30/2014 12:00:00 AM
4,205,4,2,5,+,607,07/30/2014 12:00:00 AM
4,205,4,3,5,+,"2,394",07/30/2014 12:00:00 AM
4,205,5,1,5,+,86,07/30/2014 12:00:00 AM
4,205,5,1,10,+,0,07/30/2014 12:00:00 AM
4,205,5,1,20,+,1,07/30/2014 12:00:00 AM
4,205,5,1,25,-,0,07/30/2014 12:00:00 AM
4,205,5,2,5,+,87,07/30/2014 12:00:00 AM
4,205,5,3,5,+,348,07/30/2014 12:00:00 AM
4,205,6,1,5,+,475,07/30/2014 12:00:00 AM
4,205,6,1,10,+,0,07/30/2014 12:00:00 AM
4,205,6,1,20,+,1,07/30/2014 12:00:00 AM
4,205,6,1,25,-,3,07/30/2014 12:00:00 AM
4,205,6,2,5,+,473,07/30/2014 12:00:00 AM
4,205,6,3,5,+,"3,548",07/30/2014 12:00:00 AM
4,205,7,1,5,+,"2,343",07/30/2014 12:00:00 AM
4,205,7,1,10,+,3,07/30/2014 12:00:00 AM
4,205,7,1,15,-,2,07/30/2014 12:00:00 AM
4,205,7,1,20,+,2,07/30/2014 12:00:00 AM
4,205,7,1,25,-,3,07/30/2014 12:00:00 AM
4,205,7,2,5,+,"2,343",07/30/2014 12:00:00 AM
4,205,7,3,5,+,"15,222",07/30/2014 12:00:00 AM
